{
  "resourceType" : "Bundle",
  "id" : "bfe186e9-4493-4a89-865d-d56f42769690",
  "meta" : {
    "lastUpdated" : "2021-07-16T13:46:05.104+00:00"
  },
  "type" : "collection",
  "entry" : [{
    "fullUrl" : "https://github.com/phenopackets/core-ig/ValueSet/KaryotypicSex",
    "resource" : {
      "resourceType" : "ValueSet",
      "id" : "KaryotypicSex",
      "text" : {
        "status" : "generated",
        "div" : "<div xmlns=\"http://www.w3.org/1999/xhtml\"><p>This value set contains 11 concepts</p><p style=\"border: black 1px dotted; background-color: #EEEEEE; padding: 8px; margin-bottom: 8px\">Expansion based on <a href=\"CodeSystem-KaryotypicSex.html\">Karyotypic sex code system v0.1.0 (CodeSystem)</a></p><p>All codes from system <a href=\"CodeSystem-KaryotypicSex.html\"><code>https://github.com/phenopackets/core-ig/CodeSystem/KaryotypicSex</code></a></p><table class=\"codes\"><tr><td style=\"white-space:nowrap\"><b>Code</b></td><td><b>Display</b></td><td><b>Definition</b></td></tr><tr><td style=\"white-space:nowrap\"><a name=\"https---github.com-phenopackets-core-ig-CodeSystem-KaryotypicSex-UNKNOWN-KARYOTYPE\"> </a><a href=\"CodeSystem-KaryotypicSex.html#KaryotypicSex-UNKNOWN_KARYOTYPE\">UNKNOWN_KARYOTYPE</a></td><td>UNKNOWN_KARYOTYPE</td><td>Untyped or inconclusive karyotyping</td></tr><tr><td style=\"white-space:nowrap\"><a name=\"https---github.com-phenopackets-core-ig-CodeSystem-KaryotypicSex-XX\"> </a><a href=\"CodeSystem-KaryotypicSex.html#KaryotypicSex-XX\">XX</a></td><td>XX karyotypic sex</td><td>Karyotype with two X chromosomes</td></tr><tr><td style=\"white-space:nowrap\"><a name=\"https---github.com-phenopackets-core-ig-CodeSystem-KaryotypicSex-XY\"> </a><a href=\"CodeSystem-KaryotypicSex.html#KaryotypicSex-XY\">XY</a></td><td>XY karyotypic sex</td><td>Karyotype with one X chromosome and one Y chromosome</td></tr><tr><td style=\"white-space:nowrap\"><a name=\"https---github.com-phenopackets-core-ig-CodeSystem-KaryotypicSex-XO\"> </a><a href=\"CodeSystem-KaryotypicSex.html#KaryotypicSex-XO\">XO</a></td><td>XO karyotypic sex</td><td>Karyotype with one X chromosome</td></tr><tr><td style=\"white-space:nowrap\"><a name=\"https---github.com-phenopackets-core-ig-CodeSystem-KaryotypicSex-XXY\"> </a><a href=\"CodeSystem-KaryotypicSex.html#KaryotypicSex-XXY\">XXY</a></td><td>XXY karyotypic sex</td><td>Karyotype with two X chromosomes and one Y chromosome</td></tr><tr><td style=\"white-space:nowrap\"><a name=\"https---github.com-phenopackets-core-ig-CodeSystem-KaryotypicSex-XXX\"> </a><a href=\"CodeSystem-KaryotypicSex.html#KaryotypicSex-XXX\">XXX</a></td><td>XXX karyotypic sex</td><td>Karyotype with three X chromosomes</td></tr><tr><td style=\"white-space:nowrap\"><a name=\"https---github.com-phenopackets-core-ig-CodeSystem-KaryotypicSex-XXYY\"> </a><a href=\"CodeSystem-KaryotypicSex.html#KaryotypicSex-XXYY\">XXYY</a></td><td>XXYY karyotypic sex</td><td>Karyotype with two X chromosomes and two Y chromosomes</td></tr><tr><td style=\"white-space:nowrap\"><a name=\"https---github.com-phenopackets-core-ig-CodeSystem-KaryotypicSex-XXXY\"> </a><a href=\"CodeSystem-KaryotypicSex.html#KaryotypicSex-XXXY\">XXXY</a></td><td>XXXY karyotypic sex</td><td>Karyotype with three X chromosomes and one Y chromosome</td></tr><tr><td style=\"white-space:nowrap\"><a name=\"https---github.com-phenopackets-core-ig-CodeSystem-KaryotypicSex-XXXX\"> </a><a href=\"CodeSystem-KaryotypicSex.html#KaryotypicSex-XXXX\">XXXX</a></td><td>XXXX karyotypic sex</td><td>Karyotype with four X chromosomes</td></tr><tr><td style=\"white-space:nowrap\"><a name=\"https---github.com-phenopackets-core-ig-CodeSystem-KaryotypicSex-XYY\"> </a><a href=\"CodeSystem-KaryotypicSex.html#KaryotypicSex-XYY\">XYY</a></td><td>XYY karyotypic sex</td><td>Karyotype with one X chromosome and two Y chromosomes</td></tr><tr><td style=\"white-space:nowrap\"><a name=\"https---github.com-phenopackets-core-ig-CodeSystem-KaryotypicSex-OTHER-KARYOTYPE\"> </a><a href=\"CodeSystem-KaryotypicSex.html#KaryotypicSex-OTHER_KARYOTYPE\">OTHER_KARYOTYPE</a></td><td>Other karyotype</td><td>Karyotype with sex chromosomes other than XX,XY,X0,XXY,XXX,XXYY,XXXY,XXXX, or XYY</td></tr></table></div>"
      },
      "url" : "https://github.com/phenopackets/core-ig/ValueSet/KaryotypicSex",
      "version" : "0.1.0",
      "name" : "KaryotypicSex",
      "title" : "Karyotypic sex value set",
      "status" : "active",
      "date" : "2021-05-28T17:06:00-04:00",
      "publisher" : "Global Alliance for Genomics and Health - Clinical and Phenotypic Data Capture Work Stream",
      "contact" : [{
        "name" : "Global Alliance for Genomics and Health - Clinical and Phenotypic Data Capture Work Stream",
        "telecom" : [{
          "system" : "url",
          "value" : "https://www.ga4gh.org/work_stream/clinical-phenotypic-data-capture-2/"
        }]
      }],
      "description" : "The karyotypic (chromosomal) sex of an individual",
      "copyright" : "[Global Alliance for Genomics and Health](https://www.ga4gh.org)",
      "expansion" : {
        "identifier" : "urn:uuid:0a79336b-62f4-4692-a474-7e52df26941f",
        "timestamp" : "2021-07-16T13:46:30+00:00",
        "total" : 11,
        "parameter" : [{
          "name" : "excludeNested",
          "valueBoolean" : false
        },
        {
          "name" : "version",
          "valueUri" : "https://github.com/phenopackets/core-ig/CodeSystem/KaryotypicSex|0.1.0"
        }],
        "contains" : [{
          "system" : "https://github.com/phenopackets/core-ig/CodeSystem/KaryotypicSex",
          "code" : "UNKNOWN_KARYOTYPE",
          "display" : "UNKNOWN_KARYOTYPE"
        },
        {
          "system" : "https://github.com/phenopackets/core-ig/CodeSystem/KaryotypicSex",
          "code" : "XX",
          "display" : "XX karyotypic sex"
        },
        {
          "system" : "https://github.com/phenopackets/core-ig/CodeSystem/KaryotypicSex",
          "code" : "XY",
          "display" : "XY karyotypic sex"
        },
        {
          "system" : "https://github.com/phenopackets/core-ig/CodeSystem/KaryotypicSex",
          "code" : "XO",
          "display" : "XO karyotypic sex"
        },
        {
          "system" : "https://github.com/phenopackets/core-ig/CodeSystem/KaryotypicSex",
          "code" : "XXY",
          "display" : "XXY karyotypic sex"
        },
        {
          "system" : "https://github.com/phenopackets/core-ig/CodeSystem/KaryotypicSex",
          "code" : "XXX",
          "display" : "XXX karyotypic sex"
        },
        {
          "system" : "https://github.com/phenopackets/core-ig/CodeSystem/KaryotypicSex",
          "code" : "XXYY",
          "display" : "XXYY karyotypic sex"
        },
        {
          "system" : "https://github.com/phenopackets/core-ig/CodeSystem/KaryotypicSex",
          "code" : "XXXY",
          "display" : "XXXY karyotypic sex"
        },
        {
          "system" : "https://github.com/phenopackets/core-ig/CodeSystem/KaryotypicSex",
          "code" : "XXXX",
          "display" : "XXXX karyotypic sex"
        },
        {
          "system" : "https://github.com/phenopackets/core-ig/CodeSystem/KaryotypicSex",
          "code" : "XYY",
          "display" : "XYY karyotypic sex"
        },
        {
          "system" : "https://github.com/phenopackets/core-ig/CodeSystem/KaryotypicSex",
          "code" : "OTHER_KARYOTYPE",
          "display" : "Other karyotype"
        }]
      }
    }
  },
  {
    "fullUrl" : "https://github.com/phenopackets/core-ig/ValueSet/phenotypic-abnormality",
    "resource" : {
      "resourceType" : "ValueSet",
      "id" : "phenotypic-abnormality",
      "text" : {
        "status" : "generated",
        "div" : "<div xmlns=\"http://www.w3.org/1999/xhtml\"><p>This value set contains 1 concepts</p><p style=\"border: black 1px dotted; background-color: #EEEEEE; padding: 8px; margin-bottom: 8px\">Expansion based on <a href=\"CodeSystem-hpo-flat.html\">A stub HPO CodeSystem v0.1.0 (CodeSystem)</a></p><p>All codes from system <a href=\"CodeSystem-hpo-flat.html\"><code>http://github.com/phenopackets/core-ig/CodeSystem/hpo</code></a></p><table class=\"codes\"><tr><td style=\"white-space:nowrap\"><b>Code</b></td><td><b>Display</b></td><td><b>Definition</b></td></tr><tr><td style=\"white-space:nowrap\"><a name=\"http---github.com-phenopackets-core-ig-CodeSystem-hpo-HP-0000118\"> </a><a href=\"CodeSystem-hpo-flat.html#hpo-flat-HP.580000118\">HP:0000118</a></td><td>Phenotypic abnormality</td><td/></tr></table></div>"
      },
      "url" : "https://github.com/phenopackets/core-ig/ValueSet/phenotypic-abnormality",
      "version" : "0.1.0",
      "name" : "PhenotypicAbnormalityValueSet",
      "title" : "Phenotypic abnormality ValueSet",
      "status" : "active",
      "date" : "2021-07-16T13:46:05+00:00",
      "publisher" : "Global Alliance for Genomics and Health - Clinical and Phenotypic Data Capture Work Stream",
      "contact" : [{
        "name" : "Global Alliance for Genomics and Health - Clinical and Phenotypic Data Capture Work Stream",
        "telecom" : [{
          "system" : "url",
          "value" : "https://www.ga4gh.org/work_stream/clinical-phenotypic-data-capture-2/"
        }]
      }],
      "description" : "ValueSet description here",
      "copyright" : "[Global Alliance for Genomics and Health](https://www.ga4gh.org)",
      "expansion" : {
        "identifier" : "urn:uuid:5152eaaa-724d-4c83-adc6-2f305b64e487",
        "timestamp" : "2021-07-16T13:46:31+00:00",
        "total" : 1,
        "parameter" : [{
          "name" : "excludeNested",
          "valueBoolean" : false
        },
        {
          "name" : "version",
          "valueUri" : "http://github.com/phenopackets/core-ig/CodeSystem/hpo|0.1.0"
        }],
        "contains" : [{
          "system" : "http://github.com/phenopackets/core-ig/CodeSystem/hpo",
          "code" : "HP:0000118",
          "display" : "Phenotypic abnormality"
        }]
      }
    }
  },
  {
    "fullUrl" : "https://github.com/phenopackets/core-ig/ValueSet/phenotypic-component",
    "resource" : {
      "resourceType" : "ValueSet",
      "id" : "phenotypic-component",
      "text" : {
        "status" : "generated",
        "div" : "<div xmlns=\"http://www.w3.org/1999/xhtml\"><p>This value set contains 3 concepts</p><p style=\"border: black 1px dotted; background-color: #EEEEEE; padding: 8px; margin-bottom: 8px\">Expansion based on <a href=\"CodeSystem-hpo-flat.html\">A stub HPO CodeSystem v0.1.0 (CodeSystem)</a></p><p>All codes from system <a href=\"CodeSystem-hpo-flat.html\"><code>http://github.com/phenopackets/core-ig/CodeSystem/hpo</code></a></p><table class=\"codes\"><tr><td style=\"white-space:nowrap\"><b>Code</b></td><td><b>Display</b></td><td><b>Definition</b></td></tr><tr><td style=\"white-space:nowrap\"><a name=\"http---github.com-phenopackets-core-ig-CodeSystem-hpo-HP-0012823\"> </a><a href=\"CodeSystem-hpo-flat.html#hpo-flat-HP.580012823\">HP:0012823</a></td><td>Clinical modifier</td><td/></tr><tr><td style=\"white-space:nowrap\"><a name=\"http---github.com-phenopackets-core-ig-CodeSystem-hpo-HP-0012824\"> </a><a href=\"CodeSystem-hpo-flat.html#hpo-flat-HP.580012824\">HP:0012824</a></td><td>Severity</td><td/></tr><tr><td style=\"white-space:nowrap\"><a name=\"http---github.com-phenopackets-core-ig-CodeSystem-hpo-HP-0003674\"> </a><a href=\"CodeSystem-hpo-flat.html#hpo-flat-HP.580003674\">HP:0003674</a></td><td>Onset</td><td/></tr></table></div>"
      },
      "url" : "https://github.com/phenopackets/core-ig/ValueSet/phenotypic-component",
      "version" : "0.1.0",
      "name" : "PhenotypicComponentValueSet",
      "title" : "Phenotypic component ValueSet",
      "status" : "active",
      "date" : "2021-07-16T13:46:05+00:00",
      "publisher" : "Global Alliance for Genomics and Health - Clinical and Phenotypic Data Capture Work Stream",
      "contact" : [{
        "name" : "Global Alliance for Genomics and Health - Clinical and Phenotypic Data Capture Work Stream",
        "telecom" : [{
          "system" : "url",
          "value" : "https://www.ga4gh.org/work_stream/clinical-phenotypic-data-capture-2/"
        }]
      }],
      "description" : "ValueSet description here",
      "copyright" : "[Global Alliance for Genomics and Health](https://www.ga4gh.org)",
      "expansion" : {
        "identifier" : "urn:uuid:e1a471c5-e145-4e54-a18d-30b59d8abe15",
        "timestamp" : "2021-07-16T13:46:32+00:00",
        "total" : 3,
        "parameter" : [{
          "name" : "excludeNested",
          "valueBoolean" : false
        },
        {
          "name" : "version",
          "valueUri" : "http://github.com/phenopackets/core-ig/CodeSystem/hpo|0.1.0"
        }],
        "contains" : [{
          "system" : "http://github.com/phenopackets/core-ig/CodeSystem/hpo",
          "code" : "HP:0012823",
          "display" : "Clinical modifier"
        },
        {
          "system" : "http://github.com/phenopackets/core-ig/CodeSystem/hpo",
          "code" : "HP:0012824",
          "display" : "Severity"
        },
        {
          "system" : "http://github.com/phenopackets/core-ig/CodeSystem/hpo",
          "code" : "HP:0003674",
          "display" : "Onset"
        }]
      }
    }
  },
  {
    "fullUrl" : "http://github.com/phenopackets/core-ig/ValueSet/phenotypic-modifier",
    "resource" : {
      "resourceType" : "ValueSet",
      "id" : "PhenotypicModifierValueSet",
      "text" : {
        "status" : "generated",
        "div" : "<div xmlns=\"http://www.w3.org/1999/xhtml\"><p>This value set contains 4 concepts</p><p style=\"border: black 1px dotted; background-color: #EEEEEE; padding: 8px; margin-bottom: 8px\">Expansion based on <a href=\"CodeSystem-hpo-flat.html\">A stub HPO CodeSystem v0.1.0 (CodeSystem)</a></p><p>All codes from system <a href=\"CodeSystem-hpo-flat.html\"><code>http://github.com/phenopackets/core-ig/CodeSystem/hpo</code></a></p><table class=\"codes\"><tr><td style=\"white-space:nowrap\"><b>Code</b></td><td><b>Display</b></td><td><b>Definition</b></td></tr><tr><td style=\"white-space:nowrap\"><a name=\"http---github.com-phenopackets-core-ig-CodeSystem-hpo-HP-0012823\"> </a><a href=\"CodeSystem-hpo-flat.html#hpo-flat-HP.580012823\">HP:0012823</a></td><td>Clinical modifier</td><td/></tr><tr><td style=\"white-space:nowrap\"><a name=\"http---github.com-phenopackets-core-ig-CodeSystem-hpo-HP-0012824\"> </a><a href=\"CodeSystem-hpo-flat.html#hpo-flat-HP.580012824\">HP:0012824</a></td><td>Severity</td><td/></tr><tr><td style=\"white-space:nowrap\"><a name=\"http---github.com-phenopackets-core-ig-CodeSystem-hpo-HP-0012825\"> </a><a href=\"CodeSystem-hpo-flat.html#hpo-flat-HP.580012825\">HP:0012825</a></td><td>Mild</td><td/></tr><tr><td style=\"white-space:nowrap\"><a name=\"http---github.com-phenopackets-core-ig-CodeSystem-hpo-HP-0012826\"> </a><a href=\"CodeSystem-hpo-flat.html#hpo-flat-HP.580012826\">HP:0012826</a></td><td>Moderate</td><td/></tr></table></div>"
      },
      "url" : "http://github.com/phenopackets/core-ig/ValueSet/phenotypic-modifier",
      "version" : "0.1.0",
      "name" : "PhenotypicModifierValueSet",
      "title" : "Phenotypic modifier ValueSet",
      "status" : "active",
      "date" : "2021-07-16T13:46:05+00:00",
      "publisher" : "Global Alliance for Genomics and Health - Clinical and Phenotypic Data Capture Work Stream",
      "contact" : [{
        "name" : "Global Alliance for Genomics and Health - Clinical and Phenotypic Data Capture Work Stream",
        "telecom" : [{
          "system" : "url",
          "value" : "https://www.ga4gh.org/work_stream/clinical-phenotypic-data-capture-2/"
        }]
      }],
      "description" : "ValueSet description here",
      "copyright" : "[Global Alliance for Genomics and Health](https://www.ga4gh.org)",
      "expansion" : {
        "identifier" : "urn:uuid:1bdf08e1-468c-4d93-ae9d-f2f18b66e743",
        "timestamp" : "2021-07-16T13:46:34+00:00",
        "total" : 4,
        "parameter" : [{
          "name" : "excludeNested",
          "valueBoolean" : false
        },
        {
          "name" : "version",
          "valueUri" : "http://github.com/phenopackets/core-ig/CodeSystem/hpo|0.1.0"
        }],
        "contains" : [{
          "system" : "http://github.com/phenopackets/core-ig/CodeSystem/hpo",
          "code" : "HP:0012823",
          "display" : "Clinical modifier"
        },
        {
          "system" : "http://github.com/phenopackets/core-ig/CodeSystem/hpo",
          "code" : "HP:0012824",
          "display" : "Severity"
        },
        {
          "system" : "http://github.com/phenopackets/core-ig/CodeSystem/hpo",
          "code" : "HP:0012825",
          "display" : "Mild"
        },
        {
          "system" : "http://github.com/phenopackets/core-ig/CodeSystem/hpo",
          "code" : "HP:0012826",
          "display" : "Moderate"
        }]
      }
    }
  },
  {
    "fullUrl" : "https://github.com/phenopackets/core-ig/ValueSet/phenotypicFeatureVS",
    "resource" : {
      "resourceType" : "ValueSet",
      "id" : "phenotypicFeatureVS",
      "text" : {
        "status" : "generated",
        "div" : "<div xmlns=\"http://www.w3.org/1999/xhtml\"><p>This value set contains 2 concepts</p><p style=\"border: black 1px dotted; background-color: #EEEEEE; padding: 8px; margin-bottom: 8px\">Expansion based on Loinc v2.69</p><p>All codes from system <a href=\"http://terminology.hl7.org/2.1.0/CodeSystem-v3-loinc.html\"><code>http://loinc.org</code></a></p><table class=\"codes\"><tr><td style=\"white-space:nowrap\"><b>Code</b></td><td><b>Display</b></td><td><b>Definition</b></td></tr><tr><td style=\"white-space:nowrap\"><a name=\"http---loinc.org-LA9633-4\"> </a><a href=\"http://details.loinc.org/LOINC/LA9633-4.html\">LA9633-4</a></td><td>Present</td><td/></tr><tr><td style=\"white-space:nowrap\"><a name=\"http---loinc.org-LA9634-2\"> </a><a href=\"http://details.loinc.org/LOINC/LA9634-2.html\">LA9634-2</a></td><td>Absent</td><td/></tr></table></div>"
      },
      "url" : "https://github.com/phenopackets/core-ig/ValueSet/phenotypicFeatureVS",
      "version" : "0.1.0",
      "name" : "PhenotypicFeatureStatusValueSet",
      "title" : "Observation Codes for status of a PhenotypicFeature",
      "status" : "active",
      "date" : "2021-07-16T13:46:05+00:00",
      "publisher" : "Global Alliance for Genomics and Health - Clinical and Phenotypic Data Capture Work Stream",
      "contact" : [{
        "name" : "Global Alliance for Genomics and Health - Clinical and Phenotypic Data Capture Work Stream",
        "telecom" : [{
          "system" : "url",
          "value" : "https://www.ga4gh.org/work_stream/clinical-phenotypic-data-capture-2/"
        }]
      }],
      "description" : "The LOINC codes for present if a feature is observed and absent if a feature was excluded.",
      "copyright" : "This material contains content from LOINC (http://loinc.org). LOINC is copyright © 1995-2020, Regenstrief Institute, Inc. and the Logical Observation Identifiers Names and Codes (LOINC) Committee and is available at no cost under the license at http://loinc.org/license. LOINC® is a registered United States trademark of Regenstrief Institute, Inc",
      "expansion" : {
        "identifier" : "urn:uuid:2537e0f0-a972-4192-b90a-5f4f3ac2731f",
        "timestamp" : "2021-07-16T13:46:35+00:00",
        "total" : 2,
        "parameter" : [{
          "name" : "excludeNested",
          "valueBoolean" : false
        },
        {
          "name" : "limitedExpansion",
          "valueBoolean" : true
        },
        {
          "name" : "version",
          "valueString" : "http://loinc.org|2.69"
        }],
        "contains" : [{
          "system" : "http://loinc.org",
          "code" : "LA9633-4",
          "display" : "Present"
        },
        {
          "system" : "http://loinc.org",
          "code" : "LA9634-2",
          "display" : "Absent"
        }]
      }
    }
  },
  {
    "fullUrl" : "https://github.com/phenopackets/core-ig/ValueSet/Severity",
    "resource" : {
      "resourceType" : "ValueSet",
      "id" : "Severity",
      "text" : {
        "status" : "generated",
        "div" : "<div xmlns=\"http://www.w3.org/1999/xhtml\"><p>This value set contains 9 concepts</p><div style=\"border: black 1px dotted; background-color: #EEEEEE; padding: 8px; margin-bottom: 8px\"><p>Expansion based on: </p><ul><li><a href=\"CodeSystem-hpo-flat.html\">A stub HPO CodeSystem v0.1.0 (CodeSystem)</a></li><li>SNOMED CT International edition 31-Jan 2021</li></ul></div><table class=\"codes\"><tr><td style=\"white-space:nowrap\"><b>Code</b></td><td><b>System</b></td><td><b>Display</b></td><td><b>Definition</b></td></tr><tr><td style=\"white-space:nowrap\"><a name=\"http---github.com-phenopackets-core-ig-CodeSystem-hpo-HP-0012825\"> </a><a href=\"CodeSystem-hpo-flat.html#hpo-flat-HP.580012825\">HP:0012825</a></td><td>http://github.com/phenopackets/core-ig/CodeSystem/hpo</td><td>Mild</td><td/></tr><tr><td style=\"white-space:nowrap\"><a name=\"http---github.com-phenopackets-core-ig-CodeSystem-hpo-HP-0012826\"> </a><a href=\"CodeSystem-hpo-flat.html#hpo-flat-HP.580012826\">HP:0012826</a></td><td>http://github.com/phenopackets/core-ig/CodeSystem/hpo</td><td>Moderate</td><td/></tr><tr><td style=\"white-space:nowrap\"><a name=\"http---snomed.info-sct-6736007\"> </a><a href=\"http://browser.ihtsdotools.org/?perspective=full&amp;conceptId1=6736007\">6736007</a></td><td>http://snomed.info/sct</td><td>Moderate</td><td/></tr><tr><td style=\"white-space:nowrap\"><a name=\"http---snomed.info-sct-24484000\"> </a><a href=\"http://browser.ihtsdotools.org/?perspective=full&amp;conceptId1=24484000\">24484000</a></td><td>http://snomed.info/sct</td><td>Severe</td><td/></tr><tr><td style=\"white-space:nowrap\"><a name=\"http---snomed.info-sct-255604002\"> </a><a href=\"http://browser.ihtsdotools.org/?perspective=full&amp;conceptId1=255604002\">255604002</a></td><td>http://snomed.info/sct</td><td>Mild</td><td/></tr><tr><td style=\"white-space:nowrap\"><a name=\"http---snomed.info-sct-371923003\"> </a><a href=\"http://browser.ihtsdotools.org/?perspective=full&amp;conceptId1=371923003\">371923003</a></td><td>http://snomed.info/sct</td><td>Mild to moderate (qualifier value)</td><td/></tr><tr><td style=\"white-space:nowrap\"><a name=\"http---snomed.info-sct-371924009\"> </a><a href=\"http://browser.ihtsdotools.org/?perspective=full&amp;conceptId1=371924009\">371924009</a></td><td>http://snomed.info/sct</td><td>Moderate to severe (qualifier value)</td><td/></tr><tr><td style=\"white-space:nowrap\"><a name=\"http---snomed.info-sct-399166001\"> </a><a href=\"http://browser.ihtsdotools.org/?perspective=full&amp;conceptId1=399166001\">399166001</a></td><td>http://snomed.info/sct</td><td>Fatal (qualifier value)</td><td/></tr><tr><td style=\"white-space:nowrap\"><a name=\"http---snomed.info-sct-442452003\"> </a><a href=\"http://browser.ihtsdotools.org/?perspective=full&amp;conceptId1=442452003\">442452003</a></td><td>http://snomed.info/sct</td><td>Life threatening severity</td><td/></tr></table></div>"
      },
      "url" : "https://github.com/phenopackets/core-ig/ValueSet/Severity",
      "version" : "0.1.0",
      "name" : "Severity",
      "title" : "Severity",
      "status" : "active",
      "date" : "2020-02-14T16:13:10+10:00",
      "publisher" : "Global Alliance for Genomics and Health - Clinical and Phenotypic Data Capture Work Stream",
      "contact" : [{
        "name" : "Global Alliance for Genomics and Health - Clinical and Phenotypic Data Capture Work Stream",
        "telecom" : [{
          "system" : "url",
          "value" : "https://www.ga4gh.org/work_stream/clinical-phenotypic-data-capture-2/"
        }]
      }],
      "description" : "Phenotypic feature severity codes from the Human Phenotype Ontology and SNOMED CT.",
      "copyright" : "[Global Alliance for Genomics and Health](https://www.ga4gh.org)",
      "expansion" : {
        "extension" : [{
          "url" : "http://hl7.org/fhir/StructureDefinition/valueset-unclosed",
          "valueBoolean" : true
        }],
        "identifier" : "urn:uuid:653119de-e7d6-428a-9669-556fbcf80d30",
        "timestamp" : "2021-07-16T13:46:35+00:00",
        "total" : 9,
        "parameter" : [{
          "name" : "excludeNested",
          "valueBoolean" : false
        },
        {
          "name" : "version",
          "valueUri" : "http://github.com/phenopackets/core-ig/CodeSystem/hpo|0.1.0"
        },
        {
          "name" : "limitedExpansion",
          "valueBoolean" : true
        },
        {
          "name" : "excludeNested",
          "valueBoolean" : true
        },
        {
          "name" : "version",
          "valueString" : "http://snomed.info/sct|http://snomed.info/sct/900000000000207008/version/20210131"
        }],
        "contains" : [{
          "system" : "http://github.com/phenopackets/core-ig/CodeSystem/hpo",
          "code" : "HP:0012825",
          "display" : "Mild"
        },
        {
          "system" : "http://github.com/phenopackets/core-ig/CodeSystem/hpo",
          "code" : "HP:0012826",
          "display" : "Moderate"
        },
        {
          "system" : "http://snomed.info/sct",
          "code" : "6736007",
          "display" : "Moderate"
        },
        {
          "system" : "http://snomed.info/sct",
          "code" : "24484000",
          "display" : "Severe"
        },
        {
          "system" : "http://snomed.info/sct",
          "code" : "255604002",
          "display" : "Mild"
        },
        {
          "system" : "http://snomed.info/sct",
          "code" : "371923003",
          "display" : "Mild to moderate (qualifier value)"
        },
        {
          "system" : "http://snomed.info/sct",
          "code" : "371924009",
          "display" : "Moderate to severe (qualifier value)"
        },
        {
          "system" : "http://snomed.info/sct",
          "code" : "399166001",
          "display" : "Fatal (qualifier value)"
        },
        {
          "system" : "http://snomed.info/sct",
          "code" : "442452003",
          "display" : "Life threatening severity"
        }]
      }
    }
  },
  {
    "fullUrl" : "https://github.com/phenopackets/core-ig/ValueSet/Onset",
    "resource" : {
      "resourceType" : "ValueSet",
      "id" : "Onset",
      "text" : {
        "status" : "generated",
        "div" : "<div xmlns=\"http://www.w3.org/1999/xhtml\"><p>This value set contains 21 concepts</p><div style=\"border: black 1px dotted; background-color: #EEEEEE; padding: 8px; margin-bottom: 8px\"><p>Expansion based on: </p><ul><li><a href=\"CodeSystem-hpo-flat.html\">A stub HPO CodeSystem v0.1.0 (CodeSystem)</a></li><li>SNOMED CT International edition 31-Jan 2021</li></ul></div><table class=\"codes\"><tr><td style=\"white-space:nowrap\"><b>Code</b></td><td><b>System</b></td><td><b>Display</b></td><td><b>Definition</b></td></tr><tr><td style=\"white-space:nowrap\"><a name=\"http---github.com-phenopackets-core-ig-CodeSystem-hpo-HP-0003674\"> </a><a href=\"CodeSystem-hpo-flat.html#hpo-flat-HP.580003674\">HP:0003674</a></td><td>http://github.com/phenopackets/core-ig/CodeSystem/hpo</td><td>Onset</td><td/></tr><tr><td style=\"white-space:nowrap\"><a name=\"http---github.com-phenopackets-core-ig-CodeSystem-hpo-HP-0003577\"> </a><a href=\"CodeSystem-hpo-flat.html#hpo-flat-HP.580003577\">HP:0003577</a></td><td>http://github.com/phenopackets/core-ig/CodeSystem/hpo</td><td>Congenital onset</td><td/></tr><tr><td style=\"white-space:nowrap\"><a name=\"http---github.com-phenopackets-core-ig-CodeSystem-hpo-HP-0003623\"> </a><a href=\"CodeSystem-hpo-flat.html#hpo-flat-HP.580003623\">HP:0003623</a></td><td>http://github.com/phenopackets/core-ig/CodeSystem/hpo</td><td>Neonatal onset</td><td/></tr><tr><td style=\"white-space:nowrap\"><a name=\"http---snomed.info-sct-3658006\"> </a><a href=\"http://browser.ihtsdotools.org/?perspective=full&amp;conceptId1=3658006\">3658006</a></td><td>http://snomed.info/sct</td><td>Infancy</td><td/></tr><tr><td style=\"white-space:nowrap\"><a name=\"http---snomed.info-sct-41847000\"> </a><a href=\"http://browser.ihtsdotools.org/?perspective=full&amp;conceptId1=41847000\">41847000</a></td><td>http://snomed.info/sct</td><td>Adulthood</td><td/></tr><tr><td style=\"white-space:nowrap\"><a name=\"http---snomed.info-sct-255398004\"> </a><a href=\"http://browser.ihtsdotools.org/?perspective=full&amp;conceptId1=255398004\">255398004</a></td><td>http://snomed.info/sct</td><td>Childhood</td><td/></tr><tr><td style=\"white-space:nowrap\"><a name=\"http---snomed.info-sct-255399007\"> </a><a href=\"http://browser.ihtsdotools.org/?perspective=full&amp;conceptId1=255399007\">255399007</a></td><td>http://snomed.info/sct</td><td>Congenital</td><td/></tr><tr><td style=\"white-space:nowrap\"><a name=\"http---snomed.info-sct-255407002\"> </a><a href=\"http://browser.ihtsdotools.org/?perspective=full&amp;conceptId1=255407002\">255407002</a></td><td>http://snomed.info/sct</td><td>Neonatal</td><td/></tr><tr><td style=\"white-space:nowrap\"><a name=\"http---snomed.info-sct-263659003\"> </a><a href=\"http://browser.ihtsdotools.org/?perspective=full&amp;conceptId1=263659003\">263659003</a></td><td>http://snomed.info/sct</td><td>Adolescence</td><td/></tr><tr><td style=\"white-space:nowrap\"><a name=\"http---snomed.info-sct-271872005\"> </a><a href=\"http://browser.ihtsdotools.org/?perspective=full&amp;conceptId1=271872005\">271872005</a></td><td>http://snomed.info/sct</td><td>Old age</td><td/></tr><tr><td style=\"white-space:nowrap\"><a name=\"http---snomed.info-sct-303112003\"> </a><a href=\"http://browser.ihtsdotools.org/?perspective=full&amp;conceptId1=303112003\">303112003</a></td><td>http://snomed.info/sct</td><td>Fetal period</td><td/></tr><tr><td style=\"white-space:nowrap\"><a name=\"http---snomed.info-sct-303113008\"> </a><a href=\"http://browser.ihtsdotools.org/?perspective=full&amp;conceptId1=303113008\">303113008</a></td><td>http://snomed.info/sct</td><td>Postmortem period</td><td/></tr><tr><td style=\"white-space:nowrap\"><a name=\"http---snomed.info-sct-303114002\"> </a><a href=\"http://browser.ihtsdotools.org/?perspective=full&amp;conceptId1=303114002\">303114002</a></td><td>http://snomed.info/sct</td><td>Early neonatal period</td><td/></tr><tr><td style=\"white-space:nowrap\"><a name=\"http---snomed.info-sct-303115001\"> </a><a href=\"http://browser.ihtsdotools.org/?perspective=full&amp;conceptId1=303115001\">303115001</a></td><td>http://snomed.info/sct</td><td>Late neonatal period</td><td/></tr><tr><td style=\"white-space:nowrap\"><a name=\"http---snomed.info-sct-371578004\"> </a><a href=\"http://browser.ihtsdotools.org/?perspective=full&amp;conceptId1=371578004\">371578004</a></td><td>http://snomed.info/sct</td><td>Perinatal period (qualifier value)</td><td/></tr><tr><td style=\"white-space:nowrap\"><a name=\"http---snomed.info-sct-450426006\"> </a><a href=\"http://browser.ihtsdotools.org/?perspective=full&amp;conceptId1=450426006\">450426006</a></td><td>http://snomed.info/sct</td><td>Fetal or neonatal period</td><td/></tr><tr><td style=\"white-space:nowrap\"><a name=\"http---snomed.info-sct-713152004\"> </a><a href=\"http://browser.ihtsdotools.org/?perspective=full&amp;conceptId1=713152004\">713152004</a></td><td>http://snomed.info/sct</td><td>Early childhood (qualifier value)</td><td/></tr><tr><td style=\"white-space:nowrap\"><a name=\"http---snomed.info-sct-713153009\"> </a><a href=\"http://browser.ihtsdotools.org/?perspective=full&amp;conceptId1=713153009\">713153009</a></td><td>http://snomed.info/sct</td><td>Toddler</td><td/></tr><tr><td style=\"white-space:nowrap\"><a name=\"http---snomed.info-sct-717830007\"> </a><a href=\"http://browser.ihtsdotools.org/?perspective=full&amp;conceptId1=717830007\">717830007</a></td><td>http://snomed.info/sct</td><td>Entire life (qualifier value)</td><td/></tr><tr><td style=\"white-space:nowrap\"><a name=\"http---snomed.info-sct-764868004\"> </a><a href=\"http://browser.ihtsdotools.org/?perspective=full&amp;conceptId1=764868004\">764868004</a></td><td>http://snomed.info/sct</td><td>Middle age (qualifier value)</td><td/></tr><tr><td style=\"white-space:nowrap\"><a name=\"http---snomed.info-sct-767023003\"> </a><a href=\"http://browser.ihtsdotools.org/?perspective=full&amp;conceptId1=767023003\">767023003</a></td><td>http://snomed.info/sct</td><td>Period of life beginning after birth and ending before death (qualifier value)</td><td/></tr></table></div>"
      },
      "url" : "https://github.com/phenopackets/core-ig/ValueSet/Onset",
      "version" : "0.1.0",
      "name" : "Onset",
      "title" : "Onset ValueSet",
      "status" : "active",
      "date" : "2021-06-03T10:26:00-04:00",
      "publisher" : "Global Alliance for Genomics and Health - Clinical and Phenotypic Data Capture Work Stream",
      "contact" : [{
        "name" : "Global Alliance for Genomics and Health - Clinical and Phenotypic Data Capture Work Stream",
        "telecom" : [{
          "system" : "url",
          "value" : "https://www.ga4gh.org/work_stream/clinical-phenotypic-data-capture-2/"
        }]
      }],
      "description" : "Set of HPO codes that denote the onset of a disease or phenotypic feature. The codes are descendants of Onset (HP:0003674) or from SNOMED_CT (282032007).",
      "copyright" : "[Global Alliance for Genomics and Health](https://www.ga4gh.org)",
      "expansion" : {
        "extension" : [{
          "url" : "http://hl7.org/fhir/StructureDefinition/valueset-unclosed",
          "valueBoolean" : true
        }],
        "identifier" : "urn:uuid:1613febf-6b81-40ea-b6ff-32d30690ebb4",
        "timestamp" : "2021-07-16T13:46:36+00:00",
        "total" : 21,
        "parameter" : [{
          "name" : "excludeNested",
          "valueBoolean" : false
        },
        {
          "name" : "version",
          "valueUri" : "http://github.com/phenopackets/core-ig/CodeSystem/hpo|0.1.0"
        },
        {
          "name" : "limitedExpansion",
          "valueBoolean" : true
        },
        {
          "name" : "excludeNested",
          "valueBoolean" : true
        },
        {
          "name" : "version",
          "valueString" : "http://snomed.info/sct|http://snomed.info/sct/900000000000207008/version/20210131"
        }],
        "contains" : [{
          "system" : "http://github.com/phenopackets/core-ig/CodeSystem/hpo",
          "code" : "HP:0003674",
          "display" : "Onset"
        },
        {
          "system" : "http://github.com/phenopackets/core-ig/CodeSystem/hpo",
          "code" : "HP:0003577",
          "display" : "Congenital onset"
        },
        {
          "system" : "http://github.com/phenopackets/core-ig/CodeSystem/hpo",
          "code" : "HP:0003623",
          "display" : "Neonatal onset"
        },
        {
          "system" : "http://snomed.info/sct",
          "code" : "3658006",
          "display" : "Infancy"
        },
        {
          "system" : "http://snomed.info/sct",
          "code" : "41847000",
          "display" : "Adulthood"
        },
        {
          "system" : "http://snomed.info/sct",
          "code" : "255398004",
          "display" : "Childhood"
        },
        {
          "system" : "http://snomed.info/sct",
          "code" : "255399007",
          "display" : "Congenital"
        },
        {
          "system" : "http://snomed.info/sct",
          "code" : "255407002",
          "display" : "Neonatal"
        },
        {
          "system" : "http://snomed.info/sct",
          "code" : "263659003",
          "display" : "Adolescence"
        },
        {
          "system" : "http://snomed.info/sct",
          "code" : "271872005",
          "display" : "Old age"
        },
        {
          "system" : "http://snomed.info/sct",
          "code" : "303112003",
          "display" : "Fetal period"
        },
        {
          "system" : "http://snomed.info/sct",
          "code" : "303113008",
          "display" : "Postmortem period"
        },
        {
          "system" : "http://snomed.info/sct",
          "code" : "303114002",
          "display" : "Early neonatal period"
        },
        {
          "system" : "http://snomed.info/sct",
          "code" : "303115001",
          "display" : "Late neonatal period"
        },
        {
          "system" : "http://snomed.info/sct",
          "code" : "371578004",
          "display" : "Perinatal period (qualifier value)"
        },
        {
          "system" : "http://snomed.info/sct",
          "code" : "450426006",
          "display" : "Fetal or neonatal period"
        },
        {
          "system" : "http://snomed.info/sct",
          "code" : "713152004",
          "display" : "Early childhood (qualifier value)"
        },
        {
          "system" : "http://snomed.info/sct",
          "code" : "713153009",
          "display" : "Toddler"
        },
        {
          "system" : "http://snomed.info/sct",
          "code" : "717830007",
          "display" : "Entire life (qualifier value)"
        },
        {
          "system" : "http://snomed.info/sct",
          "code" : "764868004",
          "display" : "Middle age (qualifier value)"
        },
        {
          "system" : "http://snomed.info/sct",
          "code" : "767023003",
          "display" : "Period of life beginning after birth and ending before death (qualifier value)"
        }]
      }
    }
  },
  {
    "fullUrl" : "https://github.com/phenopackets/core-ig/ValueSet/observation-categories",
    "resource" : {
      "resourceType" : "ValueSet",
      "id" : "observation-categories",
      "text" : {
        "status" : "generated",
        "div" : "<div xmlns=\"http://www.w3.org/1999/xhtml\"><p>This value set contains 10 concepts</p><div style=\"border: black 1px dotted; background-color: #EEEEEE; padding: 8px; margin-bottom: 8px\"><p>Expansion based on: </p><ul><li><a href=\"CodeSystem-categories.html\">Categories v0.1.0 (CodeSystem)</a></li><li><a href=\"http://terminology.hl7.org/2.1.0/CodeSystem-observation-category.html\">Observation Category Codes v0.1.0 (CodeSystem)</a></li><li><a href=\"http://hl7.org/fhir/R4/valueset-observation-category.html\">Observation Category Codes v4.0.1 (ValueSet)</a></li></ul></div><table class=\"codes\"><tr><td style=\"white-space:nowrap\"><b>Code</b></td><td><b>System</b></td><td><b>Display</b></td><td><b>Definition</b></td></tr><tr><td style=\"white-space:nowrap\"><a name=\"http---terminology.hl7.org-CodeSystem-observation-category-social-history\"> </a><a href=\"http://terminology.hl7.org/2.1.0/CodeSystem-observation-category.html#observation-category-social-history\">social-history</a></td><td>http://terminology.hl7.org/CodeSystem/observation-category</td><td>Social History</td><td>Social History Observations define the patient's occupational, personal (e.g., lifestyle), social, familial, and environmental history and health risk factors that may impact the patient's health.</td></tr><tr><td style=\"white-space:nowrap\"><a name=\"http---terminology.hl7.org-CodeSystem-observation-category-vital-signs\"> </a><a href=\"http://terminology.hl7.org/2.1.0/CodeSystem-observation-category.html#observation-category-vital-signs\">vital-signs</a></td><td>http://terminology.hl7.org/CodeSystem/observation-category</td><td>Vital Signs</td><td>Clinical observations measure the body's basic functions such as blood pressure, heart rate, respiratory rate, height, weight, body mass index, head circumference, pulse oximetry, temperature, and body surface area.</td></tr><tr><td style=\"white-space:nowrap\"><a name=\"http---terminology.hl7.org-CodeSystem-observation-category-imaging\"> </a><a href=\"http://terminology.hl7.org/2.1.0/CodeSystem-observation-category.html#observation-category-imaging\">imaging</a></td><td>http://terminology.hl7.org/CodeSystem/observation-category</td><td>Imaging</td><td>Observations generated by imaging. The scope includes observations regarding plain x-ray, ultrasound, CT, MRI, angiography, echocardiography, and nuclear medicine.</td></tr><tr><td style=\"white-space:nowrap\"><a name=\"http---terminology.hl7.org-CodeSystem-observation-category-laboratory\"> </a><a href=\"http://terminology.hl7.org/2.1.0/CodeSystem-observation-category.html#observation-category-laboratory\">laboratory</a></td><td>http://terminology.hl7.org/CodeSystem/observation-category</td><td>Laboratory</td><td>The results of observations generated by laboratories.  Laboratory results are typically generated by laboratories providing analytic services in areas such as chemistry, hematology, serology, histology, cytology, anatomic pathology (including digital pathology), microbiology, and/or virology. These observations are based on analysis of specimens obtained from the patient and submitted to the laboratory.</td></tr><tr><td style=\"white-space:nowrap\"><a name=\"http---terminology.hl7.org-CodeSystem-observation-category-procedure\"> </a><a href=\"http://terminology.hl7.org/2.1.0/CodeSystem-observation-category.html#observation-category-procedure\">procedure</a></td><td>http://terminology.hl7.org/CodeSystem/observation-category</td><td>Procedure</td><td>Observations generated by other procedures.  This category includes observations resulting from interventional and non-interventional procedures excluding laboratory and imaging (e.g., cardiology catheterization, endoscopy, electrodiagnostics, etc.).  Procedure results are typically generated by a clinician to provide more granular information about component observations made during a procedure.  An example would be when a gastroenterologist reports the size of a polyp observed during a colonoscopy.</td></tr><tr><td style=\"white-space:nowrap\"><a name=\"http---terminology.hl7.org-CodeSystem-observation-category-survey\"> </a><a href=\"http://terminology.hl7.org/2.1.0/CodeSystem-observation-category.html#observation-category-survey\">survey</a></td><td>http://terminology.hl7.org/CodeSystem/observation-category</td><td>Survey</td><td>Assessment tool/survey instrument observations (e.g., Apgar Scores, Montreal Cognitive Assessment (MoCA)).</td></tr><tr><td style=\"white-space:nowrap\"><a name=\"http---terminology.hl7.org-CodeSystem-observation-category-exam\"> </a><a href=\"http://terminology.hl7.org/2.1.0/CodeSystem-observation-category.html#observation-category-exam\">exam</a></td><td>http://terminology.hl7.org/CodeSystem/observation-category</td><td>Exam</td><td>Observations generated by physical exam findings including direct observations made by a clinician and use of simple instruments and the result of simple maneuvers performed directly on the patient's body.</td></tr><tr><td style=\"white-space:nowrap\"><a name=\"http---terminology.hl7.org-CodeSystem-observation-category-therapy\"> </a><a href=\"http://terminology.hl7.org/2.1.0/CodeSystem-observation-category.html#observation-category-therapy\">therapy</a></td><td>http://terminology.hl7.org/CodeSystem/observation-category</td><td>Therapy</td><td>Observations generated by non-interventional treatment protocols (e.g. occupational, physical, radiation, nutritional and medication therapy)</td></tr><tr><td style=\"white-space:nowrap\"><a name=\"http---terminology.hl7.org-CodeSystem-observation-category-activity\"> </a><a href=\"http://terminology.hl7.org/2.1.0/CodeSystem-observation-category.html#observation-category-activity\">activity</a></td><td>http://terminology.hl7.org/CodeSystem/observation-category</td><td>Activity</td><td>Observations that measure or record any bodily activity that enhances or maintains physical fitness and overall health and wellness.  Not under direct supervision of practitioner such as a physical therapist. (e.g., laps swum, steps, sleep data)</td></tr><tr><td style=\"white-space:nowrap\"><a name=\"https---github.com-phenopackets-core-ig-CodeSystem-categories-phenotype\"> </a><a href=\"CodeSystem-categories.html#categories-phenotype\">phenotype</a></td><td>https://github.com/phenopackets/core-ig/CodeSystem/categories</td><td>Phenotype</td><td/></tr></table></div>"
      },
      "url" : "https://github.com/phenopackets/core-ig/ValueSet/observation-categories",
      "version" : "0.1.0",
      "name" : "ObservationCategories",
      "title" : "Observation categories",
      "status" : "draft",
      "date" : "2021-07-16T13:46:05+00:00",
      "publisher" : "Global Alliance for Genomics and Health - Clinical and Phenotypic Data Capture Work Stream",
      "contact" : [{
        "name" : "Global Alliance for Genomics and Health - Clinical and Phenotypic Data Capture Work Stream",
        "telecom" : [{
          "system" : "url",
          "value" : "https://www.ga4gh.org/work_stream/clinical-phenotypic-data-capture-2/"
        }]
      }],
      "description" : "ValueSet description here",
      "copyright" : "[Global Alliance for Genomics and Health](https://www.ga4gh.org)",
      "expansion" : {
        "identifier" : "urn:uuid:888abefc-8c7f-4c8b-afc0-7eff3c326a75",
        "timestamp" : "2021-07-16T13:46:36+00:00",
        "total" : 10,
        "parameter" : [{
          "name" : "excludeNested",
          "valueBoolean" : false
        },
        {
          "name" : "version",
          "valueUri" : "http://hl7.org/fhir/ValueSet/observation-category|4.0.1"
        },
        {
          "name" : "version",
          "valueUri" : "http://terminology.hl7.org/CodeSystem/observation-category|0.1.0"
        },
        {
          "name" : "version",
          "valueUri" : "https://github.com/phenopackets/core-ig/CodeSystem/categories|0.1.0"
        }],
        "contains" : [{
          "system" : "http://terminology.hl7.org/CodeSystem/observation-category",
          "abstract" : false,
          "inactive" : false,
          "code" : "social-history",
          "display" : "Social History"
        },
        {
          "system" : "http://terminology.hl7.org/CodeSystem/observation-category",
          "abstract" : false,
          "inactive" : false,
          "code" : "vital-signs",
          "display" : "Vital Signs"
        },
        {
          "system" : "http://terminology.hl7.org/CodeSystem/observation-category",
          "abstract" : false,
          "inactive" : false,
          "code" : "imaging",
          "display" : "Imaging"
        },
        {
          "system" : "http://terminology.hl7.org/CodeSystem/observation-category",
          "abstract" : false,
          "inactive" : false,
          "code" : "laboratory",
          "display" : "Laboratory"
        },
        {
          "system" : "http://terminology.hl7.org/CodeSystem/observation-category",
          "abstract" : false,
          "inactive" : false,
          "code" : "procedure",
          "display" : "Procedure"
        },
        {
          "system" : "http://terminology.hl7.org/CodeSystem/observation-category",
          "abstract" : false,
          "inactive" : false,
          "code" : "survey",
          "display" : "Survey"
        },
        {
          "system" : "http://terminology.hl7.org/CodeSystem/observation-category",
          "abstract" : false,
          "inactive" : false,
          "code" : "exam",
          "display" : "Exam"
        },
        {
          "system" : "http://terminology.hl7.org/CodeSystem/observation-category",
          "abstract" : false,
          "inactive" : false,
          "code" : "therapy",
          "display" : "Therapy"
        },
        {
          "system" : "http://terminology.hl7.org/CodeSystem/observation-category",
          "abstract" : false,
          "inactive" : false,
          "code" : "activity",
          "display" : "Activity"
        },
        {
          "system" : "https://github.com/phenopackets/core-ig/CodeSystem/categories",
          "code" : "phenotype",
          "display" : "Phenotype"
        }]
      }
    }
  }]
}