<?xml version="1.0" encoding="UTF-8"?>

<CodeSystem xmlns="http://hl7.org/fhir">
  <id value="categories"/>
  <text>
    <status value="generated"/><div xmlns="http://www.w3.org/1999/xhtml"><p>This code system https://github.com/phenopackets/core-ig/CodeSystem/categories defines the following codes:</p><table class="codes"><tr><td style="white-space:nowrap"><b>Code</b></td><td><b>Display</b></td></tr><tr><td style="white-space:nowrap">phenotype<a name="categories-phenotype"> </a></td><td>Phenotype</td></tr></table></div>
  </text>
  <url value="https://github.com/phenopackets/core-ig/CodeSystem/categories"/>
  <version value="0.1.0"/>
  <name value="Categories"/>
  <title value="Categories"/>
  <status value="draft"/>
  <experimental value="true"/>
  <date value="2021-06-29T19:23:02+00:00"/>
  <publisher value="Global Alliance for Genomics and Health - Clinical and Phenotypic Data Capture Work Stream"/>
  <contact>
    <name value="Global Alliance for Genomics and Health - Clinical and Phenotypic Data Capture Work Stream"/>
    <telecom>
      <system value="url"/>
      <value value="https://www.ga4gh.org/work_stream/clinical-phenotypic-data-capture-2/"/>
    </telecom>
  </contact>
  <description value="Various categories or tags"/>
  <copyright value="[Global Alliance for Genomics and Health](https://www.ga4gh.org)"/>
  <content value="complete"/>
  <count value="1"/>
  <concept>
    <code value="phenotype"/>
    <display value="Phenotype"/>
  </concept>
</CodeSystem>