<?xml version="1.0" encoding="UTF-8"?>

<ValueSet xmlns="http://hl7.org/fhir">
  <id value="Severity"/>
  <text>
    <status value="generated"/><div xmlns="http://www.w3.org/1999/xhtml"><p>This value set includes codes based on the following rules:</p><ul><li>Include codes from <a href="CodeSystem-hpo.html"><code>http://github.com/phenopackets/core-ig/CodeSystem/hpo</code></a> where concept  descends from  <a href="CodeSystem-hpo.html#hpo-HP.580012824">HP:0012824</a></li><li>Include codes from <a href="http://www.snomed.org/"><code>http://snomed.info/sct</code></a> where concept  descends from  272141005 (Severities)</li></ul></div>
  </text>
  <url value="https://github.com/phenopackets/core-ig/ValueSet/Severity"/>
  <version value="0.1.0"/>
  <name value="Severity"/>
  <title value="Severity"/>
  <status value="active"/>
  <date value="2020-02-14T16:13:10+10:00"/>
  <publisher value="Global Alliance for Genomics and Health - Clinical and Phenotypic Data Capture Work Stream"/>
  <contact>
    <name value="Global Alliance for Genomics and Health - Clinical and Phenotypic Data Capture Work Stream"/>
    <telecom>
      <system value="url"/>
      <value value="https://www.ga4gh.org/work_stream/clinical-phenotypic-data-capture-2/"/>
    </telecom>
  </contact>
  <description value="Phenotypic feature severity codes from the Human Phenotype Ontology and SNOMED CT."/>
  <copyright value="[Global Alliance for Genomics and Health](https://www.ga4gh.org)"/>
  <compose>
    <include>
      <system value="http://github.com/phenopackets/core-ig/CodeSystem/hpo"/>
      <filter>
        <property value="concept"/>
        <op value="descendent-of"/>
        <value value="HP:0012824"/>
      </filter>
    </include>
    <include>
      <system value="http://snomed.info/sct"/>
      <filter>
        <property value="concept"/>
        <op value="descendent-of"/>
        <value value="272141005"/>
      </filter>
    </include>
  </compose>
</ValueSet>