<?xml version="1.0" encoding="UTF-8"?><CodeSystem xmlns="http://hl7.org/fhir"><id value="hpo"/><text><status value="generated"/><div xmlns="http://www.w3.org/1999/xhtml"><p><b>Properties</b></p><table class="grid"><tr><td><b>Code</b></td><td><b>URL</b></td><td><b>Description</b></td><td><b>Type</b></td></tr><tr><td>synonym</td><td/><td>Holds synonyms as strings</td><td>string</td></tr><tr><td>xref</td><td/><td>Holds references to other codes in the form of Coding. This could be done in ConceptMap as well and that would be more useful. This is just a demo for how this works.</td><td>Coding</td></tr><tr><td>parent</td><td>http://hl7.org/fhir/concept-properties#parent</td><td/><td>code</td></tr></table><p>This code system http://github.com/phenopackets/core-ig/CodeSystem/hpo defines the following codes:</p><table class="codes"><tr><td><b>Lvl</b></td><td style="white-space:nowrap"><b>Code</b></td><td><b>Display</b></td><td><b>Definition</b></td></tr><tr><td>1</td><td style="white-space:nowrap">HP:0000001<a name="hpo-HP.580000001"> </a></td><td>All</td><td/></tr><tr><td>2</td><td style="white-space:nowrap">  HP:0000118<a name="hpo-HP.580000118"> </a></td><td>Phenotypic abnormality</td><td/></tr><tr><td>3</td><td style="white-space:nowrap">    HP:0000707<a name="hpo-HP.580000707"> </a></td><td>Abnormality of the nervous system</td><td/></tr><tr><td>4</td><td style="white-space:nowrap">      HP:0003429<a name="hpo-HP.580003429"> </a></td><td>CNS hypomyelination</td><td>Reduced amount of myelin in the central nervous system resulting from defective myelinogenesis.</td></tr><tr><td>4</td><td style="white-space:nowrap">      HP:0001249<a name="hpo-HP.580001249"> </a></td><td>Intellectual disability</td><td/></tr><tr><td>4</td><td style="white-space:nowrap">      HP:0001298<a name="hpo-HP.580001298"> </a></td><td>Encephalopathy</td><td/></tr><tr><td>3</td><td style="white-space:nowrap">    HP:0000486<a name="hpo-HP.580000486"> </a></td><td>Strabismus</td><td/></tr><tr><td>3</td><td style="white-space:nowrap">    HP:0002650<a name="hpo-HP.580002650"> </a></td><td>Scoliosis</td><td/></tr><tr><td>3</td><td style="white-space:nowrap">    HP:0002664<a name="hpo-HP.580002664"> </a></td><td>Neoplasm</td><td/></tr><tr><td>4</td><td style="white-space:nowrap">      HP:0011793<a name="hpo-HP.580011793"> </a></td><td>Neoplasm by anatomical site</td><td/></tr><tr><td>3</td><td style="white-space:nowrap">    HP:0001627<a name="hpo-HP.580001627"> </a></td><td>Abnormal heart morphology</td><td/></tr><tr><td>4</td><td style="white-space:nowrap">      HP:0001671<a name="hpo-HP.580001671"> </a></td><td>Abnormal cardiac septum morphology</td><td/></tr><tr><td>5</td><td style="white-space:nowrap">        HP:0011994<a name="hpo-HP.580011994"> </a></td><td>Abnormal atrial septum morphology</td><td/></tr><tr><td>4</td><td style="white-space:nowrap">      HP:0011545<a name="hpo-HP.580011545"> </a></td><td>Abnormal connection of the cardiac segments</td><td/></tr><tr><td>5</td><td style="white-space:nowrap">        HP:0011563<a name="hpo-HP.580011563"> </a></td><td>Abnormal ventriculoarterial connection</td><td/></tr><tr><td>4</td><td style="white-space:nowrap">      HP:0001654<a name="hpo-HP.580001654"> </a></td><td>Abnormal heart valve morphology</td><td/></tr><tr><td>5</td><td style="white-space:nowrap">        HP:0001641<a name="hpo-HP.580001641"> </a></td><td>Abnormal pulmonary valve morphology</td><td/></tr><tr><td>2</td><td style="white-space:nowrap">  HP:0012823<a name="hpo-HP.580012823"> </a></td><td>Clinical modifier</td><td/></tr><tr><td>3</td><td style="white-space:nowrap">    HP:0012824<a name="hpo-HP.580012824"> </a></td><td>Severity</td><td/></tr><tr><td>4</td><td style="white-space:nowrap">      HP:0012825<a name="hpo-HP.580012825"> </a></td><td>Mild</td><td/></tr><tr><td>4</td><td style="white-space:nowrap">      HP:0012826<a name="hpo-HP.580012826"> </a></td><td>Moderate</td><td/></tr><tr><td>3</td><td style="white-space:nowrap">    HP:0410401<a name="hpo-HP.580410401"> </a></td><td>Worse in evening</td><td/></tr><tr><td>3</td><td style="white-space:nowrap">    HP:0031375<a name="hpo-HP.580031375"> </a></td><td>Refractory</td><td/></tr><tr><td>2</td><td style="white-space:nowrap">  HP:0031797<a name="hpo-HP.580031797"> </a></td><td>Clinical course</td><td/></tr><tr><td>3</td><td style="white-space:nowrap">    HP:0003674<a name="hpo-HP.580003674"> </a></td><td>Onset</td><td/></tr><tr><td>4</td><td style="white-space:nowrap">      HP:0003577<a name="hpo-HP.580003577"> </a></td><td>Congenital onset</td><td/></tr><tr><td>4</td><td style="white-space:nowrap">      HP:0003623<a name="hpo-HP.580003623"> </a></td><td>Neonatal onset</td><td/></tr></table><p><b>Additional Language Displays</b></p><table class="codes"><tr><td><b>Code</b></td><td><b>English (English, en)</b></td></tr><tr><td>HP:0000001</td><td></td></tr></table></div></text><url value="http://github.com/phenopackets/core-ig/CodeSystem/hpo"/><version value="0.1.0"/><name value="HPO"/><title value="A stub HPO CodeSystem"/><status value="active"/><experimental value="true"/><date value="2021-07-16T13:46:33+00:00"/><publisher value="Global Alliance for Genomics and Health - Clinical and Phenotypic Data Capture Work Stream"/><contact><name value="Global Alliance for Genomics and Health - Clinical and Phenotypic Data Capture Work Stream"/><telecom><system value="url"/><value value="https://www.ga4gh.org/work_stream/clinical-phenotypic-data-capture-2/"/></telecom></contact><description value="A stub for the real HPO CodeSystem to use in other resources until we have a permanent HPO setup."/><copyright value="[Global Alliance for Genomics and Health](https://www.ga4gh.org)"/><hierarchyMeaning value="is-a"/><content value="complete"/><property><code value="synonym"/><description value="Holds synonyms as strings"/><type value="string"/></property><property><code value="xref"/><description value="Holds references to other codes in the form of Coding. This could be done in ConceptMap as well and that would be more useful. This is just a demo for how this works."/><type value="Coding"/></property><property><code value="parent"/><uri value="http://hl7.org/fhir/concept-properties#parent"/><type value="code"/></property><concept><code value="HP:0000001"/><display value="All"/><concept><code value="HP:0000118"/><display value="Phenotypic abnormality"/><concept><code value="HP:0000707"/><display value="Abnormality of the nervous system"/><concept><code value="HP:0003429"/><display value="CNS hypomyelination"/><definition value="Reduced amount of myelin in the central nervous system resulting from defective myelinogenesis."/><designation><language value="en"/><use><system value="http://snomed.info/sct"/><code value="900000000000013009"/><display value="Synonym"/></use><value value="hypomyelination"/></designation><property><code value="synonym"/><valueString value="hypomyelination"/></property><property><code value="xref"/><valueCoding><system value="http://www.nlm.nih.gov/research/umls"/><code value="C0544820"/></valueCoding></property><property><code value="xref"/><valueCoding><system value="http://www.nlm.nih.gov/research/umls"/><code value="C4025616"/></valueCoding></property><property><code value="xref"/><valueCoding><system value="http://snomed.info/sct"/><code value="111007000"/></valueCoding></property></concept><concept><code value="HP:0001249"/><display value="Intellectual disability"/></concept><concept><code value="HP:0001298"/><display value="Encephalopathy"/></concept></concept><concept><code value="HP:0000486"/><display value="Strabismus"/></concept><concept><code value="HP:0002650"/><display value="Scoliosis"/></concept><concept><code value="HP:0002664"/><display value="Neoplasm"/><concept><code value="HP:0011793"/><display value="Neoplasm by anatomical site"/></concept></concept><concept><code value="HP:0001627"/><display value="Abnormal heart morphology"/><concept><code value="HP:0001671"/><display value="Abnormal cardiac septum morphology"/><concept><code value="HP:0011994"/><display value="Abnormal atrial septum morphology"/></concept></concept><concept><code value="HP:0011545"/><display value="Abnormal connection of the cardiac segments"/><concept><code value="HP:0011563"/><display value="Abnormal ventriculoarterial connection"/></concept></concept><concept><code value="HP:0001654"/><display value="Abnormal heart valve morphology"/><concept><code value="HP:0001641"/><display value="Abnormal pulmonary valve morphology"/></concept></concept></concept></concept><concept><code value="HP:0012823"/><display value="Clinical modifier"/><concept><code value="HP:0012824"/><display value="Severity"/><concept><code value="HP:0012825"/><display value="Mild"/></concept><concept><code value="HP:0012826"/><display value="Moderate"/></concept></concept><concept><code value="HP:0410401"/><display value="Worse in evening"/></concept><concept><code value="HP:0031375"/><display value="Refractory"/></concept></concept><concept><code value="HP:0031797"/><display value="Clinical course"/><concept><code value="HP:0003674"/><display value="Onset"/><concept><code value="HP:0003577"/><display value="Congenital onset"/></concept><concept><code value="HP:0003623"/><display value="Neonatal onset"/></concept></concept></concept></concept></CodeSystem>