<?xml version="1.0" encoding="UTF-8"?><SearchParameter xmlns="http://hl7.org/fhir"><id value="service-request-supporting-info"/><url value="http://github.com/phenopackets/core-ig/SearchParameter/service-request-supporting-info"/><version value="0.1.0"/><name value="ServiceRequestSupportingInfo"/><status value="active"/><date value="2021-06-29T19:36:25+00:00"/><publisher value="Global Alliance for Genomics and Health - Clinical and Phenotypic Data Capture Work Stream"/><contact><name value="Global Alliance for Genomics and Health - Clinical and Phenotypic Data Capture Work Stream"/><telecom><system value="url"/><value value="https://www.ga4gh.org/work_stream/clinical-phenotypic-data-capture-2/"/></telecom></contact><description value="Search ServiceRequest by supporting resource parameters"/><code value="supporting-info"/><base value="ServiceRequest"/><type value="reference"/><expression value="ServiceRequest.supportingInfo"/><target value="Bundle"/><comparator value="eq"/></SearchParameter>