<?xml version="1.0" encoding="UTF-8"?><ValueSet xmlns="http://hl7.org/fhir"><id value="observation-categories"/><text><status value="generated"/><div xmlns="http://www.w3.org/1999/xhtml"><p>This value set includes codes based on the following rules:</p><ul><li>Import all the codes that are contained in <a href="http://hl7.org/fhir/R4/valueset-observation-category.html">http://hl7.org/fhir/ValueSet/observation-category</a></li><li>Include these codes as defined in <a href="CodeSystem-categories.html"><code>https://github.com/phenopackets/core-ig/CodeSystem/categories</code></a><table class="none"><tr><td style="white-space:nowrap"><b>Code</b></td><td><b>Display</b></td></tr><tr><td><a href="CodeSystem-categories.html#categories-phenotype">phenotype</a></td><td>Phenotype</td></tr></table></li></ul></div></text><url value="https://github.com/phenopackets/core-ig/ValueSet/observation-categories"/><version value="0.1.0"/><name value="ObservationCategories"/><title value="Observation categories"/><status value="draft"/><date value="2021-06-29T19:23:35+00:00"/><publisher value="Global Alliance for Genomics and Health - Clinical and Phenotypic Data Capture Work Stream"/><contact><name value="Global Alliance for Genomics and Health - Clinical and Phenotypic Data Capture Work Stream"/><telecom><system value="url"/><value value="https://www.ga4gh.org/work_stream/clinical-phenotypic-data-capture-2/"/></telecom></contact><description value="ValueSet description here"/><copyright value="[Global Alliance for Genomics and Health](https://www.ga4gh.org)"/><compose><include><valueSet value="http://hl7.org/fhir/ValueSet/observation-category"/></include><include><system value="https://github.com/phenopackets/core-ig/CodeSystem/categories"/><concept><code value="phenotype"/></concept></include></compose></ValueSet>