<?xml version="1.0" encoding="UTF-8"?><ValueSet xmlns="http://hl7.org/fhir"><id value="phenotypic-component"/><text><status value="generated"/><div xmlns="http://www.w3.org/1999/xhtml"><ul><li>Include these codes as defined in <a href="CodeSystem-hpo-flat.html"><code>http://github.com/phenopackets/core-ig/CodeSystem/hpo</code></a><table class="none"><tr><td style="white-space:nowrap"><b>Code</b></td><td><b>Display</b></td></tr><tr><td><a href="CodeSystem-hpo-flat.html#hpo-flat-HP.580012823">HP:0012823</a></td><td>Clinical modifier</td></tr><tr><td><a href="CodeSystem-hpo-flat.html#hpo-flat-HP.580012824">HP:0012824</a></td><td>Severity</td></tr><tr><td><a href="CodeSystem-hpo-flat.html#hpo-flat-HP.580003674">HP:0003674</a></td><td>Onset</td></tr></table></li></ul></div></text><url value="https://github.com/phenopackets/core-ig/ValueSet/phenotypic-component"/><version value="0.1.0"/><name value="PhenotypicComponentValueSet"/><title value="Phenotypic component ValueSet"/><status value="active"/><date value="2021-07-15T14:29:33+00:00"/><publisher value="Global Alliance for Genomics and Health - Clinical and Phenotypic Data Capture Work Stream"/><contact><name value="Global Alliance for Genomics and Health - Clinical and Phenotypic Data Capture Work Stream"/><telecom><system value="url"/><value value="https://www.ga4gh.org/work_stream/clinical-phenotypic-data-capture-2/"/></telecom></contact><description value="ValueSet description here"/><copyright value="[Global Alliance for Genomics and Health](https://www.ga4gh.org)"/><compose><include><system value="http://github.com/phenopackets/core-ig/CodeSystem/hpo"/><concept><code value="HP:0012823"/></concept><concept><code value="HP:0012824"/></concept><concept><code value="HP:0003674"/></concept></include></compose></ValueSet>