<?xml version="1.0" encoding="UTF-8"?>

<Patient xmlns="http://hl7.org/fhir">
  <id value="example-patient"/>
  <text>
    <status value="generated"/><div xmlns="http://www.w3.org/1999/xhtml"><p><b>Generated Narrative</b></p><p><b>identifier</b>: Medical Record Number: m123 (USUAL)</p><p><b>name</b>: Anyname A. Anyperson </p><p><b>gender</b>: male</p><p><b>birthDate</b>: 2001-01-20</p><p><b>address</b>: 123 Any St Anytown 12345 US </p><h3>Contacts</h3><table class="grid"><tr><td>-</td><td><b>Telecom</b></td></tr><tr><td>*</td><td>ph: 777-444-2222(HOME), <a href="mailto:anyname.anyperson@example.com">anyname.anyperson@example.com</a></td></tr></table><h3>Communications</h3><table class="grid"><tr><td>-</td><td><b>Language</b></td></tr><tr><td>*</td><td><span title="Codes: {urn:ietf:bcp:47 en-US}">English</span></td></tr></table></div>
  </text>
  <identifier>
    <use value="usual"/>
    <type>
      <coding>
        <system value="http://terminology.hl7.org/CodeSystem/v2-0203"/>
        <code value="MR"/>
        <display value="Medical Record Number"/>
      </coding>
    </type>
    <system value="http://hospital.example.org"/>
    <value value="m123"/>
  </identifier>
  <name>
    <family value="Anyperson"/>
    <given value="Anyname"/>
    <given value="A."/>
  </name>
  <gender value="male"/>
  <birthDate value="2001-01-20"/>
  <address>
    <line value="123 Any St"/>
    <city value="Anytown"/>
    <postalCode value="12345"/>
    <country value="US"/>
  </address>
  <contact>
    <telecom>
      <system value="phone"/>
      <value value="777-444-2222"/>
      <use value="home"/>
    </telecom>
    <telecom>
      <system value="email"/>
      <value value="anyname.anyperson@example.com"/>
    </telecom>
  </contact>
  <communication>
    <language>
      <coding>
        <system value="urn:ietf:bcp:47"/>
        <code value="en-US"/>
        <display value="English (Region=United States)"/>
      </coding>
      <text value="English"/>
    </language>
  </communication>
</Patient>