<?xml version="1.0" encoding="UTF-8"?>

<Practitioner xmlns="http://hl7.org/fhir">
  <id value="PeterGeneticist"/>
  <text>
    <status value="generated"/><div xmlns="http://www.w3.org/1999/xhtml"><p><b>Generated Narrative</b></p><p><b>identifier</b>: id: practitioner.id1</p><p><b>name</b>: Peter Geneticist </p><p><b>address</b>: 123 Yellow Brick Drive Anytown MA 12345 US (WORK)</p><p><b>gender</b>: male</p><h3>Qualifications</h3><table class="grid"><tr><td>-</td><td><b>Code</b></td></tr><tr><td>*</td><td><span title="Codes: {http://terminology.hl7.org/CodeSystem/v2-0360 MD}">Doctor of Medicine</span></td></tr></table></div>
  </text>
  <identifier>
    <value value="practitioner.id1"/>
  </identifier>
  <name>
    <family value="Geneticist"/>
    <given value="Peter"/>
    <prefix value="Dr."/>
  </name>
  <address>
    <use value="work"/>
    <line value="123 Yellow Brick Drive"/>
    <city value="Anytown"/>
    <state value="MA"/>
    <postalCode value="12345"/>
    <country value="US"/>
  </address>
  <gender value="male"/>
  <qualification>
    <code>
      <coding>
        <system value="http://terminology.hl7.org/CodeSystem/v2-0360"/>
        <version value="2.7"/>
        <code value="MD"/>
      </coding>
    </code>
  </qualification>
</Practitioner>