<?xml version="1.0" encoding="UTF-8"?>

<ValueSet xmlns="http://hl7.org/fhir">
  <id value="Taxonomy"/>
  <text>
    <status value="generated"/><div xmlns="http://www.w3.org/1999/xhtml"><ul><li>Include all codes defined in <code>http://purl.obolibrary.org/obo/ncbitaxon.owl</code></li></ul></div>
  </text>
  <url value="https://github.com/phenopackets/core-ig/ValueSet/Taxonomy"/>
  <version value="0.1.0"/>
  <name value="Taxonomy"/>
  <title value="Taxonomy"/>
  <status value="active"/>
  <date value="2020-02-14T16:13:10+10:00"/>
  <publisher value="Global Alliance for Genomics and Health - Clinical and Phenotypic Data Capture Work Stream"/>
  <contact>
    <name value="Global Alliance for Genomics and Health - Clinical and Phenotypic Data Capture Work Stream"/>
    <telecom>
      <system value="url"/>
      <value value="https://www.ga4gh.org/work_stream/clinical-phenotypic-data-capture-2/"/>
    </telecom>
  </contact>
  <description value="Taxonomic identifiers of an organism."/>
  <copyright value="[Global Alliance for Genomics and Health](https://www.ga4gh.org)"/>
  <compose>
    <include>
      <system value="http://purl.obolibrary.org/obo/ncbitaxon.owl"/>
    </include>
  </compose>
</ValueSet>