{"resourceType":"SearchParameter","id":"service-request-supporting-info","url":"http://github.com/phenopackets/core-ig/SearchParameter/service-request-supporting-info","version":"0.1.0","name":"ServiceRequestSupportingInfo","status":"active","date":"2021-06-29T22:33:12+00:00","publisher":"Global Alliance for Genomics and Health - Clinical and Phenotypic Data Capture Work Stream","contact":[{"name":"Global Alliance for Genomics and Health - Clinical and Phenotypic Data Capture Work Stream","telecom":[{"system":"url","value":"https://www.ga4gh.org/work_stream/clinical-phenotypic-data-capture-2/"}]}],"description":"Search ServiceRequest by supporting resource parameters","code":"supporting-info","base":["ServiceRequest"],"type":"reference","expression":"ServiceRequest.supportingInfo","target":["Bundle"],"comparator":["eq"]}