{"resourceType":"ValueSet","id":"phenotypicFeatureVS","text":{"status":"generated","div":"<div xmlns=\"http://www.w3.org/1999/xhtml\"><ul><li>Include these codes as defined in <a href=\"http://loinc.org\"><code>http://loinc.org</code></a><table class=\"none\"><tr><td style=\"white-space:nowrap\"><b>Code</b></td><td><b>Display</b></td></tr><tr><td><a href=\"http://details.loinc.org/LOINC/LA9633-4.html\">LA9633-4</a></td><td>Present</td></tr><tr><td><a href=\"http://details.loinc.org/LOINC/LA9634-2.html\">LA9634-2</a></td><td>Absent</td></tr></table></li></ul></div>"},"url":"https://github.com/phenopackets/core-ig/ValueSet/phenotypicFeatureVS","version":"0.1.0","name":"PhenotypicFeatureStatusValueSet","title":"Observation Codes for status of a PhenotypicFeature","status":"active","date":"2021-08-25T04:14:15+00:00","publisher":"Global Alliance for Genomics and Health - Clinical and Phenotypic Data Capture Work Stream","contact":[{"name":"Global Alliance for Genomics and Health - Clinical and Phenotypic Data Capture Work Stream","telecom":[{"system":"url","value":"https://www.ga4gh.org/work_stream/clinical-phenotypic-data-capture-2/"}]}],"description":"The LOINC codes for present if a feature is observed and absent if a feature was excluded.","copyright":"This material contains content from LOINC (http://loinc.org). LOINC is copyright © 1995-2020, Regenstrief Institute, Inc. and the Logical Observation Identifiers Names and Codes (LOINC) Committee and is available at no cost under the license at http://loinc.org/license. LOINC® is a registered United States trademark of Regenstrief Institute, Inc","compose":{"include":[{"system":"http://loinc.org","concept":[{"code":"LA9633-4","display":"Present"},{"code":"LA9634-2","display":"Absent"}]}]}}