{
  "resourceType": "CodeSystem",
  "id": "hpo",
  "text": {
    "status": "generated",
    "div": "<div xmlns=\"http://www.w3.org/1999/xhtml\"><p><b>Properties</b></p><table class=\"grid\"><tr><td><b>Code</b></td><td><b>URL</b></td><td><b>Description</b></td><td><b>Type</b></td></tr><tr><td>synonym</td><td/><td>Holds synonyms as strings</td><td>string</td></tr><tr><td>xref</td><td/><td>Holds references to other codes in the form of Coding. This could be done in ConceptMap as well and that would be more useful. This is just a demo for how this works.</td><td>Coding</td></tr><tr><td>parent</td><td>http://hl7.org/fhir/concept-properties#parent</td><td/><td>code</td></tr></table><p>This code system http://github.com/phenopackets/core-ig/CodeSystem/hpo defines the following codes:</p><table class=\"codes\"><tr><td><b>Lvl</b></td><td style=\"white-space:nowrap\"><b>Code</b></td><td><b>Display</b></td><td><b>Definition</b></td></tr><tr><td>1</td><td style=\"white-space:nowrap\">HP:0000001<a name=\"hpo-HP.580000001\"> </a></td><td>All</td><td/></tr><tr><td>2</td><td style=\"white-space:nowrap\">  HP:0000118<a name=\"hpo-HP.580000118\"> </a></td><td>Phenotypic abnormality</td><td/></tr><tr><td>3</td><td style=\"white-space:nowrap\">    HP:0000707<a name=\"hpo-HP.580000707\"> </a></td><td>Abnormality of the nervous system</td><td/></tr><tr><td>4</td><td style=\"white-space:nowrap\">      HP:0003429<a name=\"hpo-HP.580003429\"> </a></td><td>CNS hypomyelination</td><td>Reduced amount of myelin in the central nervous system resulting from defective myelinogenesis.</td></tr><tr><td>4</td><td style=\"white-space:nowrap\">      HP:0001249<a name=\"hpo-HP.580001249\"> </a></td><td>Intellectual disability</td><td/></tr><tr><td>4</td><td style=\"white-space:nowrap\">      HP:0001298<a name=\"hpo-HP.580001298\"> </a></td><td>Encephalopathy</td><td/></tr><tr><td>3</td><td style=\"white-space:nowrap\">    HP:0000486<a name=\"hpo-HP.580000486\"> </a></td><td>Strabismus</td><td/></tr><tr><td>3</td><td style=\"white-space:nowrap\">    HP:0002650<a name=\"hpo-HP.580002650\"> </a></td><td>Scoliosis</td><td/></tr><tr><td>3</td><td style=\"white-space:nowrap\">    HP:0002664<a name=\"hpo-HP.580002664\"> </a></td><td>Neoplasm</td><td/></tr><tr><td>4</td><td style=\"white-space:nowrap\">      HP:0011793<a name=\"hpo-HP.580011793\"> </a></td><td>Neoplasm by anatomical site</td><td/></tr><tr><td>3</td><td style=\"white-space:nowrap\">    HP:0001627<a name=\"hpo-HP.580001627\"> </a></td><td>Abnormal heart morphology</td><td/></tr><tr><td>4</td><td style=\"white-space:nowrap\">      HP:0001671<a name=\"hpo-HP.580001671\"> </a></td><td>Abnormal cardiac septum morphology</td><td/></tr><tr><td>5</td><td style=\"white-space:nowrap\">        HP:0011994<a name=\"hpo-HP.580011994\"> </a></td><td>Abnormal atrial septum morphology</td><td/></tr><tr><td>4</td><td style=\"white-space:nowrap\">      HP:0011545<a name=\"hpo-HP.580011545\"> </a></td><td>Abnormal connection of the cardiac segments</td><td/></tr><tr><td>5</td><td style=\"white-space:nowrap\">        HP:0011563<a name=\"hpo-HP.580011563\"> </a></td><td>Abnormal ventriculoarterial connection</td><td/></tr><tr><td>4</td><td style=\"white-space:nowrap\">      HP:0001654<a name=\"hpo-HP.580001654\"> </a></td><td>Abnormal heart valve morphology</td><td/></tr><tr><td>5</td><td style=\"white-space:nowrap\">        HP:0001641<a name=\"hpo-HP.580001641\"> </a></td><td>Abnormal pulmonary valve morphology</td><td/></tr><tr><td>2</td><td style=\"white-space:nowrap\">  HP:0012823<a name=\"hpo-HP.580012823\"> </a></td><td>Clinical modifier</td><td/></tr><tr><td>3</td><td style=\"white-space:nowrap\">    HP:0012824<a name=\"hpo-HP.580012824\"> </a></td><td>Severity</td><td/></tr><tr><td>4</td><td style=\"white-space:nowrap\">      HP:0012825<a name=\"hpo-HP.580012825\"> </a></td><td>Mild</td><td/></tr><tr><td>4</td><td style=\"white-space:nowrap\">      HP:0012826<a name=\"hpo-HP.580012826\"> </a></td><td>Moderate</td><td/></tr><tr><td>3</td><td style=\"white-space:nowrap\">    HP:0410401<a name=\"hpo-HP.580410401\"> </a></td><td>Worse in evening</td><td/></tr><tr><td>3</td><td style=\"white-space:nowrap\">    HP:0031375<a name=\"hpo-HP.580031375\"> </a></td><td>Refractory</td><td/></tr><tr><td>2</td><td style=\"white-space:nowrap\">  HP:0031797<a name=\"hpo-HP.580031797\"> </a></td><td>Clinical course</td><td/></tr><tr><td>3</td><td style=\"white-space:nowrap\">    HP:0003674<a name=\"hpo-HP.580003674\"> </a></td><td>Onset</td><td/></tr><tr><td>4</td><td style=\"white-space:nowrap\">      HP:0003577<a name=\"hpo-HP.580003577\"> </a></td><td>Congenital onset</td><td/></tr><tr><td>4</td><td style=\"white-space:nowrap\">      HP:0003623<a name=\"hpo-HP.580003623\"> </a></td><td>Neonatal onset</td><td/></tr></table><p><b>Additional Language Displays</b></p><table class=\"codes\"><tr><td><b>Code</b></td><td><b>English (English, en)</b></td></tr><tr><td>HP:0000001</td><td></td></tr></table></div>"
  },
  "url": "http://github.com/phenopackets/core-ig/CodeSystem/hpo",
  "version": "0.1.0",
  "name": "HPO",
  "title": "A stub HPO CodeSystem",
  "status": "active",
  "experimental": true,
  "date": "2021-07-15T23:22:57+00:00",
  "publisher": "Global Alliance for Genomics and Health - Clinical and Phenotypic Data Capture Work Stream",
  "contact": [
    {
      "name": "Global Alliance for Genomics and Health - Clinical and Phenotypic Data Capture Work Stream",
      "telecom": [
        {
          "system": "url",
          "value": "https://www.ga4gh.org/work_stream/clinical-phenotypic-data-capture-2/"
        }
      ]
    }
  ],
  "description": "A stub for the real HPO CodeSystem to use in other resources until we have a permanent HPO setup.",
  "copyright": "[Global Alliance for Genomics and Health](https://www.ga4gh.org)",
  "hierarchyMeaning": "is-a",
  "content": "complete",
  "property": [
    {
      "code": "synonym",
      "description": "Holds synonyms as strings",
      "type": "string"
    },
    {
      "code": "xref",
      "description": "Holds references to other codes in the form of Coding. This could be done in ConceptMap as well and that would be more useful. This is just a demo for how this works.",
      "type": "Coding"
    },
    {
      "code": "parent",
      "uri": "http://hl7.org/fhir/concept-properties#parent",
      "type": "code"
    }
  ],
  "concept": [
    {
      "code": "HP:0000001",
      "display": "All",
      "concept": [
        {
          "code": "HP:0000118",
          "display": "Phenotypic abnormality",
          "concept": [
            {
              "code": "HP:0000707",
              "display": "Abnormality of the nervous system",
              "concept": [
                {
                  "code": "HP:0003429",
                  "display": "CNS hypomyelination",
                  "definition": "Reduced amount of myelin in the central nervous system resulting from defective myelinogenesis.",
                  "designation": [
                    {
                      "language": "en",
                      "use": {
                        "system": "http://snomed.info/sct",
                        "code": "900000000000013009",
                        "display": "Synonym"
                      },
                      "value": "hypomyelination"
                    }
                  ],
                  "property": [
                    {
                      "code": "synonym",
                      "valueString": "hypomyelination"
                    },
                    {
                      "code": "xref",
                      "valueCoding": {
                        "system": "http://www.nlm.nih.gov/research/umls",
                        "code": "C0544820"
                      }
                    },
                    {
                      "code": "xref",
                      "valueCoding": {
                        "system": "http://www.nlm.nih.gov/research/umls",
                        "code": "C4025616"
                      }
                    },
                    {
                      "code": "xref",
                      "valueCoding": {
                        "system": "http://snomed.info/sct",
                        "code": "111007000"
                      }
                    }
                  ]
                },
                {
                  "code": "HP:0001249",
                  "display": "Intellectual disability"
                },
                {
                  "code": "HP:0001298",
                  "display": "Encephalopathy"
                }
              ]
            },
            {
              "code": "HP:0000486",
              "display": "Strabismus"
            },
            {
              "code": "HP:0002650",
              "display": "Scoliosis"
            },
            {
              "code": "HP:0002664",
              "display": "Neoplasm",
              "concept": [
                {
                  "code": "HP:0011793",
                  "display": "Neoplasm by anatomical site"
                }
              ]
            },
            {
              "code": "HP:0001627",
              "display": "Abnormal heart morphology",
              "concept": [
                {
                  "code": "HP:0001671",
                  "display": "Abnormal cardiac septum morphology",
                  "concept": [
                    {
                      "code": "HP:0011994",
                      "display": "Abnormal atrial septum morphology"
                    }
                  ]
                },
                {
                  "code": "HP:0011545",
                  "display": "Abnormal connection of the cardiac segments",
                  "concept": [
                    {
                      "code": "HP:0011563",
                      "display": "Abnormal ventriculoarterial connection"
                    }
                  ]
                },
                {
                  "code": "HP:0001654",
                  "display": "Abnormal heart valve morphology",
                  "concept": [
                    {
                      "code": "HP:0001641",
                      "display": "Abnormal pulmonary valve morphology"
                    }
                  ]
                }
              ]
            }
          ]
        },
        {
          "code": "HP:0012823",
          "display": "Clinical modifier",
          "concept": [
            {
              "code": "HP:0012824",
              "display": "Severity",
              "concept": [
                {
                  "code": "HP:0012825",
                  "display": "Mild"
                },
                {
                  "code": "HP:0012826",
                  "display": "Moderate"
                }
              ]
            },
            {
              "code": "HP:0410401",
              "display": "Worse in evening"
            },
            {
              "code": "HP:0031375",
              "display": "Refractory"
            }
          ]
        },
        {
          "code": "HP:0031797",
          "display": "Clinical course",
          "concept": [
            {
              "code": "HP:0003674",
              "display": "Onset",
              "concept": [
                {
                  "code": "HP:0003577",
                  "display": "Congenital onset"
                },
                {
                  "code": "HP:0003623",
                  "display": "Neonatal onset"
                }
              ]
            }
          ]
        }
      ]
    }
  ]
}