{
  "resourceType": "Condition",
  "id": "id.disease.2",
  "meta": {
    "profile": [
      "https://github.com/phenopackets/core-ig/StructureDefinition/Disease"
    ]
  },
  "text": {
    "status": "generated",
    "div": "<div xmlns=\"http://www.w3.org/1999/xhtml\"><p><b>Generated Narrative</b></p><p><b>clinicalStatus</b>: <span title=\"Codes: {http://terminology.hl7.org/CodeSystem/condition-clinical active}\">Active</span></p><p><b>code</b>: <span title=\"Codes: {http://snomed.info/sct 711162004}\">Autosomal dominant vitreoretinochoroidopathy (disorder)</span></p><p><b>subject</b>: <a href=\"Patient-example-patient.html\">Generated Summary: Medical Record Number: m123 (USUAL); Anyname A. Anyperson ; gender: male; birthDate: 2001-01-20</a></p></div>"
  },
  "clinicalStatus": {
    "coding": [
      {
        "system": "http://terminology.hl7.org/CodeSystem/condition-clinical",
        "code": "active",
        "display": "Active"
      }
    ]
  },
  "code": {
    "coding": [
      {
        "system": "http://snomed.info/sct",
        "code": "711162004",
        "display": "Autosomal dominant vitreoretinochoroidopathy (disorder)"
      }
    ]
  },
  "subject": {
    "reference": "Patient/example-patient"
  }
}