{
  "resourceType": "MedicationAdministration",
  "id": "id.treatment.1",
  "meta": {
    "profile": [
      "https://github.com/phenopackets/core-ig/StructureDefinition/Treatment"
    ]
  },
  "text": {
    "status": "generated",
    "div": "<div xmlns=\"http://www.w3.org/1999/xhtml\"><p><b>Generated Narrative</b></p><p><b>status</b>: completed</p><p><b>category</b>: <span title=\"Codes: {http://terminology.hl7.org/CodeSystem/medicationrequest-category outpatient}\">Outpatient</span></p><p><b>medication</b>: <span title=\"Codes: {https://drugcentral.org/ DrugCentral_1610}\">losartan</span></p><p><b>subject</b>: <a href=\"Patient-example-patient.html\">Generated Summary: Medical Record Number: m123 (USUAL); Anyname A. Anyperson ; gender: male; birthDate: 2001-01-20</a></p><p><b>effective</b>: Mar 15, 2020 1:00:00 PM --&gt; Mar 25, 2020 9:00:00 AM</p><h3>Dosages</h3><table class=\"grid\"><tr><td>-</td><td><b>Route</b></td><td><b>Dose</b></td></tr><tr><td>*</td><td><span title=\"Codes: {http://purl.obolibrary.org/obo/ncit.owl NCIT_C38288}\">Oral Route of Administration</span></td><td>30 mg</td></tr></table></div>"
  },
  "status": "completed",
  "category": {
    "coding": [
      {
        "system": "http://terminology.hl7.org/CodeSystem/medicationrequest-category",
        "code": "outpatient"
      }
    ]
  },
  "medicationCodeableConcept": {
    "coding": [
      {
        "system": "https://drugcentral.org/",
        "code": "DrugCentral_1610",
        "display": "losartan"
      }
    ]
  },
  "subject": {
    "reference": "Patient/example-patient"
  },
  "effectivePeriod": {
    "start": "2020-03-15T13:00:00Z",
    "end": "2020-03-25T09:00:00Z"
  },
  "dosage": {
    "route": {
      "coding": [
        {
          "system": "http://purl.obolibrary.org/obo/ncit.owl",
          "code": "NCIT_C38288",
          "display": "Oral Route of Administration"
        }
      ]
    },
    "dose": {
      "value": 30,
      "unit": "mg",
      "system": "http://unitsofmeasure.org",
      "code": "mg"
    }
  }
}