{
  "resourceType": "Observation",
  "id": "hp.0007663",
  "meta": {
    "profile": [
      "https://github.com/phenopackets/core-ig/StructureDefinition/PhenotypicFeature"
    ]
  },
  "text": {
    "status": "generated",
    "div": "<div xmlns=\"http://www.w3.org/1999/xhtml\"><p><b>Generated Narrative</b></p><p><b>status</b>: active</p><p><b>code</b>: <span title=\"Codes: {http://github.com/phenopackets/core-ig/CodeSystem/hpo HP:0007663}\">Reduced visual acuity</span></p><p><b>subject</b>: <a href=\"Patient-Proband1.html\">Generated Summary: Medical Record Number: m123 (USUAL); Anyname A. Anyperson ; gender: male; birthDate: 2017-01-20</a></p><p><b>value</b>: true</p></div>"
  },
  "status": "active",
  "code": {
    "coding": [
      {
        "system": "http://github.com/phenopackets/core-ig/CodeSystem/hpo",
        "code": "HP:0007663",
        "display": "Reduced visual acuity"
      }
    ]
  },
  "subject": {
    "reference": "Patient/Proband1"
  },
  "valueBoolean": true
}