{
  "resourceType": "Observation",
  "id": "id.phenotypicfeature.3",
  "meta": {
    "profile": [
      "https://github.com/phenopackets/core-ig/StructureDefinition/PhenotypicFeature"
    ]
  },
  "text": {
    "status": "generated",
    "div": "<div xmlns=\"http://www.w3.org/1999/xhtml\"><p><b>Generated Narrative</b></p><p><b>status</b>: active</p><p><b>code</b>: <span title=\"Codes: {http://github.com/phenopackets/core-ig/CodeSystem/hpo HP:0001634}\">Mitral valve prolapse</span></p><p><b>subject</b>: <a href=\"Patient-example-patient.html\">Generated Summary: Medical Record Number: m123 (USUAL); Anyname A. Anyperson ; gender: male; birthDate: 2001-01-20</a></p><p><b>effective</b>: 2018-03-06</p><p><b>value</b>: <span title=\"Codes: {http://loinc.org LA9633-4}\">Present</span></p></div>"
  },
  "status": "active",
  "code": {
    "coding": [
      {
        "system": "http://github.com/phenopackets/core-ig/CodeSystem/hpo",
        "code": "HP:0001634",
        "display": "Mitral valve prolapse"
      }
    ]
  },
  "subject": {
    "reference": "Patient/example-patient"
  },
  "effectiveDateTime": "2018-03-06",
  "valueCodeableConcept": {
    "coding": [
      {
        "system": "http://loinc.org",
        "code": "LA9633-4",
        "display": "Present"
      }
    ]
  }
}