{
  "resourceType": "Observation",
  "id": "id.phenotypicfeature.2",
  "meta": {
    "profile": [
      "https://github.com/phenopackets/core-ig/StructureDefinition/PhenotypicFeature"
    ]
  },
  "text": {
    "status": "generated",
    "div": "<div xmlns=\"http://www.w3.org/1999/xhtml\"><p><b>Generated Narrative</b></p><p><b>status</b>: active</p><p><b>code</b>: <span title=\"Codes: {http://github.com/phenopackets/core-ig/CodeSystem/hpo HP:0025168}\">Left ventricular diastolic dysfunction</span></p><p><b>subject</b>: <a href=\"Patient-example-patient.html\">Generated Summary: Medical Record Number: m123 (USUAL); Anyname A. Anyperson ; gender: male; birthDate: 2001-01-20</a></p><p><b>value</b>: <span title=\"Codes: {http://loinc.org LA9634-2}\">Absent</span></p></div>"
  },
  "status": "active",
  "code": {
    "coding": [
      {
        "system": "http://github.com/phenopackets/core-ig/CodeSystem/hpo",
        "code": "HP:0025168",
        "display": "Left ventricular diastolic dysfunction"
      }
    ]
  },
  "subject": {
    "reference": "Patient/example-patient"
  },
  "valueCodeableConcept": {
    "coding": [
      {
        "system": "http://loinc.org",
        "code": "LA9634-2",
        "display": "Absent"
      }
    ]
  }
}