{
  "resourceType": "Patient",
  "id": "Proband1",
  "meta": {
    "profile": [
      "https://github.com/phenopackets/core-ig/StructureDefinition/Individual"
    ]
  },
  "text": {
    "status": "generated",
    "div": "<div xmlns=\"http://www.w3.org/1999/xhtml\"><p><b>Generated Narrative</b></p><p><b>identifier</b>: Medical Record Number: m123 (USUAL)</p><p><b>name</b>: Anyname A. Anyperson </p><p><b>gender</b>: male</p><p><b>birthDate</b>: 2017-01-20</p><p><b>address</b>: 123 Any St Anytown 12345 US </p><h3>Contacts</h3><table class=\"grid\"><tr><td>-</td><td><b>Telecom</b></td></tr><tr><td>*</td><td>ph: 777-444-2222(HOME), <a href=\"mailto:anyname.anyperson@example.com\">anyname.anyperson@example.com</a></td></tr></table><h3>Communications</h3><table class=\"grid\"><tr><td>-</td><td><b>Language</b></td></tr><tr><td>*</td><td><span title=\"Codes: {urn:ietf:bcp:47 en-US}\">English</span></td></tr></table></div>"
  },
  "identifier": [
    {
      "use": "usual",
      "type": {
        "coding": [
          {
            "system": "http://terminology.hl7.org/CodeSystem/v2-0203",
            "code": "MR",
            "display": "Medical Record Number"
          }
        ]
      },
      "system": "http://hospital.example.org",
      "value": "m123"
    }
  ],
  "name": [
    {
      "family": "Anyperson",
      "given": [
        "Anyname",
        "A."
      ]
    }
  ],
  "gender": "male",
  "birthDate": "2017-01-20",
  "address": [
    {
      "line": [
        "123 Any St"
      ],
      "city": "Anytown",
      "postalCode": "12345",
      "country": "US"
    }
  ],
  "contact": [
    {
      "telecom": [
        {
          "system": "phone",
          "value": "777-444-2222",
          "use": "home"
        },
        {
          "system": "email",
          "value": "anyname.anyperson@example.com"
        }
      ]
    }
  ],
  "communication": [
    {
      "language": {
        "coding": [
          {
            "system": "urn:ietf:bcp:47",
            "code": "en-US",
            "display": "English (Region=United States)"
          }
        ],
        "text": "English"
      }
    }
  ]
}