{
  "resourceType": "Specimen",
  "id": "biosample.specimen.id.1",
  "meta": {
    "profile": [
      "https://github.com/phenopackets/core-ig/StructureDefinition/Biosample"
    ]
  },
  "text": {
    "status": "extensions",
    "div": "<div xmlns=\"http://www.w3.org/1999/xhtml\"><p><b>Generated Narrative</b></p><p><b>Histological Diagnosis</b>: <span title=\"{http://purl.obolibrary.org/obo/ncit.owl NCIT_C39853}\">Infiltrating Urothelial Carcinoma</span></p><p><b>Tumor Progression</b>: <span title=\"{http://purl.obolibrary.org/obo/ncit.owl NCIT_C84509}\">Primary Malignant Neoplasm</span></p><p><b>Tumor Grade</b>: <span title=\"{http://purl.obolibrary.org/obo/ncit.owl NCIT_C36136}\">Grade 2 Lesion</span></p><p><b>Pathological Tumor Stage</b>: <span title=\"{http://purl.obolibrary.org/obo/ncit.owl NCIT_C28054}\">Stage II</span></p><p><b> Pathological TNM Finding</b>: <span title=\"{http://purl.obolibrary.org/obo/ncit.owl NCIT_C48699}\">M0 Stage Finding</span></p><p><b>Material Sample</b>: <span title=\"{https://github.com/EBISPOT/efo EFO_0009655}\">abnormal sample</span></p><p><b>identifier</b>: id: arbitrary identifier</p><p><b>type</b>: <span title=\"Codes: {https://github.com/EBISPOT/efo EFO_0010942}\">primary tumor sample</span></p><p><b>subject</b>: <a href=\"Patient-example-patient.html\">Generated Summary: Medical Record Number: m123 (USUAL); Anyname A. Anyperson ; gender: male; birthDate: 2001-01-20</a></p><h3>Collections</h3><table class=\"grid\"><tr><td>-</td><td><b>Collected[x]</b></td><td><b>BodySite</b></td></tr><tr><td>*</td><td>2021-01-20</td><td><span title=\"Codes: {https://github.com/obophenotype/uberon UBERON_0001256}\">wall of urinary bladder</span></td></tr></table><h3>Processings</h3><table class=\"grid\"><tr><td>-</td><td><b>Procedure</b></td></tr><tr><td>*</td><td><span title=\"Codes: {http://purl.obolibrary.org/obo/ncit.owl NCIT_C5189}\">Radical Cystoprostatectomy</span></td></tr></table></div>"
  },
  "extension": [
    {
      "url": "https://github.com/phenopackets/core-ig/StructureDefinition/HistologicalDiagnosis",
      "valueCoding": {
        "system": "http://purl.obolibrary.org/obo/ncit.owl",
        "code": "NCIT_C39853",
        "display": "Infiltrating Urothelial Carcinoma"
      }
    },
    {
      "url": "https://github.com/phenopackets/core-ig/StructureDefinition/TumorProgression",
      "valueCoding": {
        "system": "http://purl.obolibrary.org/obo/ncit.owl",
        "code": "NCIT_C84509",
        "display": "Primary Malignant Neoplasm"
      }
    },
    {
      "url": "https://github.com/phenopackets/core-ig/StructureDefinition/TumorGrade",
      "valueCoding": {
        "system": "http://purl.obolibrary.org/obo/ncit.owl",
        "code": "NCIT_C36136",
        "display": "Grade 2 Lesion"
      }
    },
    {
      "url": "https://github.com/phenopackets/core-ig/StructureDefinition/PathologicalStage",
      "valueCoding": {
        "system": "http://purl.obolibrary.org/obo/ncit.owl",
        "code": "NCIT_C28054",
        "display": "Stage II"
      }
    },
    {
      "url": "https://github.com/phenopackets/core-ig/StructureDefinition/PathologicalTnmFinding",
      "valueCoding": {
        "system": "http://purl.obolibrary.org/obo/ncit.owl",
        "code": "NCIT_C48699",
        "display": "M0 Stage Finding"
      }
    },
    {
      "url": "https://github.com/phenopackets/core-ig/StructureDefinition/MaterialSample",
      "valueCoding": {
        "system": "https://github.com/EBISPOT/efo",
        "code": "EFO_0009655",
        "display": "abnormal sample"
      }
    }
  ],
  "identifier": [
    {
      "value": "arbitrary identifier"
    }
  ],
  "type": {
    "coding": [
      {
        "system": "https://github.com/EBISPOT/efo",
        "code": "EFO_0010942",
        "display": "primary tumor sample"
      }
    ]
  },
  "subject": {
    "reference": "Patient/example-patient"
  },
  "collection": {
    "collectedDateTime": "2021-01-20",
    "bodySite": {
      "coding": [
        {
          "system": "https://github.com/obophenotype/uberon",
          "code": "UBERON_0001256",
          "display": "wall of urinary bladder"
        }
      ]
    }
  },
  "processing": [
    {
      "procedure": {
        "coding": [
          {
            "system": "http://purl.obolibrary.org/obo/ncit.owl",
            "code": "NCIT_C5189",
            "display": "Radical Cystoprostatectomy"
          }
        ]
      }
    }
  ]
}