{
  "resourceType": "ValueSet",
  "id": "phenotypic-component",
  "text": {
    "status": "generated",
    "div": "<div xmlns=\"http://www.w3.org/1999/xhtml\"><ul><li>Include these codes as defined in <a href=\"CodeSystem-hpo.html\"><code>http://github.com/phenopackets/core-ig/CodeSystem/hpo</code></a><table class=\"none\"><tr><td style=\"white-space:nowrap\"><b>Code</b></td><td><b>Display</b></td></tr><tr><td><a href=\"CodeSystem-hpo.html#hpo-HP.580012823\">HP:0012823</a></td><td>Clinical modifier</td></tr><tr><td><a href=\"CodeSystem-hpo.html#hpo-HP.580012824\">HP:0012824</a></td><td>Severity</td></tr><tr><td><a href=\"CodeSystem-hpo.html#hpo-HP.580003674\">HP:0003674</a></td><td>Onset</td></tr></table></li></ul></div>"
  },
  "url": "https://github.com/phenopackets/core-ig/ValueSet/phenotypic-component",
  "version": "0.1.0",
  "name": "PhenotypicComponentValueSet",
  "title": "Phenotypic component ValueSet",
  "status": "active",
  "date": "2021-06-28T14:24:45+00:00",
  "publisher": "Global Alliance for Genomics and Health - Clinical and Phenotypic Data Capture Work Stream",
  "contact": [
    {
      "name": "Global Alliance for Genomics and Health - Clinical and Phenotypic Data Capture Work Stream",
      "telecom": [
        {
          "system": "url",
          "value": "https://www.ga4gh.org/work_stream/clinical-phenotypic-data-capture-2/"
        }
      ]
    }
  ],
  "description": "ValueSet description here",
  "copyright": "[Global Alliance for Genomics and Health](https://www.ga4gh.org)",
  "compose": {
    "include": [
      {
        "system": "http://github.com/phenopackets/core-ig/CodeSystem/hpo",
        "concept": [
          {
            "code": "HP:0012823"
          },
          {
            "code": "HP:0012824"
          },
          {
            "code": "HP:0003674"
          }
        ]
      }
    ]
  }
}